method,m,n_int,n_bd,maturity,S0,x0,prediction,reference_series,spread,abs_error,is_itm,posterior_std
gpr,1000,1000,1000,0.5,50.0,3.912023005428146,0.014763277490601467,0.013523906733138875,0.0012393707574625927,0.0012393707574625927,False,0.001515144444617934
gpr,1000,1000,1000,0.5,52.0,3.9512437185814275,0.022726221010998415,0.020914682535813404,0.0018115384751850108,0.0018115384751850108,False,0.0015055703960936894
gpr,1000,1000,1000,0.5,54.0,3.9889840465642745,0.034185011970066626,0.03170930001245851,0.0024757119576081163,0.0024757119576081163,False,0.0014977039785696363
gpr,1000,1000,1000,0.5,56.0,4.02535169073515,0.05046390837128456,0.04723677082791177,0.003227137543372789,0.003227137543372789,False,0.0014859674808859688
gpr,1000,1000,1000,0.5,58.0,4.060443010546419,0.07346790268684344,0.06926561187038087,0.0042022908164625755,0.0042022908164625755,False,0.001483229403415711
gpr,1000,1000,1000,0.5,60.0,4.0943445622221,0.10562736074689383,0.10010756621723993,0.005519794529653899,0.005519794529653899,False,0.001502151337413355
gpr,1000,1000,1000,0.5,62.0,4.127134385045092,0.14984312102023978,0.14271733160834205,0.007125789411897732,0.007125789411897732,False,0.0015368186890833573
gpr,1000,1000,1000,0.5,64.0,4.1588830833596715,0.20954739019180124,0.20077302602297126,0.008774364168829984,0.008774364168829984,False,0.0015662990959853383
gpr,1000,1000,1000,0.5,66.0,4.189654742026425,0.2888694461489649,0.27872084214185555,0.010148604007109374,0.010148604007109374,False,0.001572345919718746
gpr,1000,1000,1000,0.5,68.0,4.219507705176107,0.39280068216430664,0.3817691329356478,0.011031549228658843,0.011031549228658843,False,0.0015539165805945766
gpr,1000,1000,1000,0.5,70.0,4.248495242049359,0.5272445474438427,0.5158219846795502,0.011422562764292543,0.011422562764292543,False,0.0015297909074812807
gpr,1000,1000,1000,0.5,72.0,4.276666119016055,0.6988945240318571,0.687349387767762,0.011545136264095146,0.011545136264095146,False,0.0015274229211717611
gpr,1000,1000,1000,0.5,74.0,4.30406509320417,0.9149570148601924,0.9031991120799997,0.01175790278019273,0.01175790278019273,False,0.0015633196531511019
gpr,1000,1000,1000,0.5,76.0,4.330733340286331,1.1827851876823843,1.1703628686384178,0.012422319043966512,0.012422319043966512,False,0.0016310543379196194
gpr,1000,1000,1000,0.5,78.0,4.356708826689592,1.5095008151547518,1.4957150159125663,0.013785799242185481,0.013785799242185481,False,0.0017083037771091186
gpr,1000,1000,1000,0.5,80.0,4.382026634673881,1.9016629788184218,1.8857451161951004,0.0159178626233214,0.0159178626233214,False,0.0017726501992769723
gpr,1000,1000,1000,0.5,82.0,4.406719247264253,2.3650131284066447,2.346305794073656,0.01870733433298888,0.01870733433298888,False,0.0018113602944005655
gpr,1000,1000,1000,0.5,84.0,4.430816798843313,2.904300565174708,2.882394854627803,0.021905710546905155,0.021905710546905155,False,0.0018226344553046326
gpr,1000,1000,1000,0.5,86.0,4.454347296253507,3.523178068904599,3.4979861370878464,0.02519193181675261,0.02519193181675261,False,0.0018123956353661634
gpr,1000,1000,1000,0.5,88.0,4.477336814478207,4.224153778888649,4.195917970078078,0.028235808810570973,0.028235808810570973,False,0.0017900841684597383
gpr,1000,1000,1000,0.5,90.0,4.499809670330265,5.0085882238445265,4.977842236848975,0.030745986995551533,0.030745986995551533,False,0.001765118895177718
gpr,1000,1000,1000,0.5,92.0,4.5217885770490405,5.876729743170472,5.844231705409953,0.03249803776051863,0.03249803776051863,False,0.0017445992620362682
gpr,1000,1000,1000,0.5,94.0,4.543294782270004,6.827784276677448,6.794438965023309,0.033345311654139564,0.033345311654139564,False,0.001732319053064674
gpr,1000,1000,1000,0.5,96.0,4.564348191467836,7.860015644041596,7.826797326145707,0.033218317895888916,0.033218317895888916,False,0.0017289005901454412
gpr,1000,1000,1000,0.5,98.0,4.584967478670572,8.970870668524185,8.938752445410538,0.032118223113647204,0.032118223113647204,False,0.0017326743476020672
gpr,1000,1000,1000,0.5,100.0,4.605170185988092,10.157121205113981,10.127013109764437,0.030108095349543618,0.030108095349543618,False,0.001740840516164119
gpr,1000,1000,1000,0.5,102.0,4.624972813284271,11.41501358644382,11.387710315059412,0.027303271384408134,0.027303271384408134,True,0.001750511768954294
gpr,1000,1000,1000,0.5,104.0,4.6443908991413725,12.74041589511944,12.716555208159466,0.02386068695997423,0.02386068695997423,True,0.0017594098402736835
gpr,1000,1000,1000,0.5,106.0,4.663439094112067,14.128954853432333,14.108988326882425,0.019966526549907826,0.019966526549907826,True,0.0017661672024249858
gpr,1000,1000,1000,0.5,108.0,4.68213122712422,15.576136544482779,15.560314600025473,0.015821944457306003,0.015821944457306003,True,0.0017703024768675635
gpr,1000,1000,1000,0.5,110.0,4.700480365792417,17.07744798667727,17.065820545558744,0.011627441118527315,0.011627441118527315,True,0.0017719917151073857
gpr,1000,1000,1000,0.5,112.0,4.718498871295094,18.628439156226705,18.620871876572654,0.007567279654050907,0.007567279654050907,True,0.0017717682069966795
gpr,1000,1000,1000,0.5,114.0,4.736198448394496,20.224786961533027,20.220991200200825,0.0037957613322028294,0.0037957613322028294,True,0.0017702635639706527
gpr,1000,1000,1000,0.5,116.0,4.7535901911063645,21.862343750236505,21.86191663534854,0.00042711488796598474,0.00042711488796598474,True,0.0017680573951418367
gpr,1000,1000,1000,0.5,118.0,4.770684624465665,23.537173223090576,23.539642982142908,-0.0024697590523317103,0.0024697590523317103,True,0.0017656430093638375
gpr,1000,1000,1000,0.5,120.0,4.787491742782046,25.245576342389086,25.250447579292373,-0.004871236903287723,0.004871236903287723,True,0.0017634637876127086
gpr,1000,1000,1000,0.5,122.0,4.804021044733257,26.98410921679897,26.990903231488726,-0.006794014689756267,0.006794014689756267,True,0.0017619516098353973
gpr,1000,1000,1000,0.5,124.0,4.820281565605037,28.749594270371745,28.757880631334253,-0.0082863609625079,0.0082863609625079,True,0.0017615133384535145
gpr,1000,1000,1000,0.5,126.0,4.836281906951478,30.539125441493297,30.5485425929669,-0.009417151473602559,0.009417151473602559,True,0.0017624529335082085
gpr,1000,1000,1000,0.5,128.0,4.852030263919617,32.350067813054466,32.36033220688671,-0.010264393832244423,0.010264393832244423,True,0.0017648615724885559
gpr,1000,1000,1000,0.5,130.0,4.867534450455582,34.18005196429749,34.19095675944178,-0.010904795144291768,0.010904795144291768,True,0.001768532715702598
gpr,1000,1000,1000,0.5,132.0,4.882801922586371,36.02696342103786,36.03836896948439,-0.011405548446525415,0.011405548446525415,True,0.0017729520227799593
gpr,1000,1000,1000,0.5,134.0,4.897839799950911,37.88892778757577,37.90074680387911,-0.011819016303341812,0.011819016303341812,True,0.0017773793335134165
gpr,1000,1000,1000,0.5,136.0,4.912654885736052,39.76429238689866,39.776472860137446,-0.012180473238785794,0.012180473238785794,True,0.0017810004766519222
gpr,1000,1000,1000,0.5,138.0,4.927253685157205,41.65160544171431,41.66411405924076,-0.012508617526449939,0.012508617526449939,True,0.0017831003359471446
gpr,1000,1000,1000,0.5,140.0,4.941642422609304,43.54959394623029,43.5624021802559,-0.012808234025612819,0.012808234025612819,True,0.0017832050669931653
gpr,1000,1000,1000,0.5,142.0,4.955827057601261,45.45714138304584,45.47021559228258,-0.013074209236741297,0.013074209236741297,True,0.0017811573197498655
gpr,1000,1000,1000,0.5,144.0,4.969813299576001,47.373266331760306,47.38656239751086,-0.013296065750552089,0.013296065750552089,True,0.0017771132211332902
gpr,1000,1000,1000,0.5,146.0,4.983606621708336,49.29710281742814,49.31056508885026,-0.013462271422120864,0.013462271422120864,True,0.0017714731542585616
gpr,1000,1000,1000,0.5,148.0,4.997212273764115,51.22788299011677,51.24144674286675,-0.013563752749981006,0.013563752749981006,True,0.0017647734291532694
gpr,1000,1000,1000,0.5,150.0,5.0106352940962555,53.16492244891765,53.17851870941327,-0.013596260495617685,0.013596260495617685,True,0.0017575707355430119
gpr,1000,1000,1000,0.5,152.0,5.0238805208462765,55.10760825897955,55.1211697191142,-0.013561460134646097,0.013561460134646097,True,0.001750346770937021
gpr,1000,1000,1000,0.5,154.0,5.0369526024136295,57.05538948634148,57.06885630483131,-0.013466818489824561,0.013466818489824561,True,0.0017434496772365789
gpr,1000,1000,1000,0.5,156.0,5.049856007249537,59.00776991013163,59.021094419876334,-0.013324509744705892,0.013324509744705892,True,0.0017370761107928104
gpr,1000,1000,1000,0.5,158.0,5.062595033026967,60.964302472636064,60.977452131034354,-0.013149658398290853,0.013149658398290853,True,0.0017312870121140688
gpr,1000,1000,1000,0.5,160.0,5.075173815233827,62.924584993499366,62.93754326592785,-0.012958272428484463,0.012958272428484463,True,0.0017260441831584775
gpr,1000,1000,1000,0.5,162.0,5.087596335232384,64.88825669593098,64.90102189988457,-0.012765203953591708,0.012765203953591708,True,0.0017212542660320885
gpr,1000,1000,1000,0.5,164.0,5.099866427824199,66.85499515680408,66.8675775756962,-0.01258241889212286,0.01258241889212286,True,0.0017168101758432048
gpr,1000,1000,1000,0.5,166.0,5.111987788356544,68.82451338360192,68.83693115930424,-0.012417775702317613,0.012417775702317613,True,0.0017126249794395239
gpr,1000,1000,1000,0.5,168.0,5.123963979403259,70.79655682367047,70.80883124464373,-0.012274420973255928,0.012274420973255928,True,0.0017086572212767948
gpr,1000,1000,1000,0.5,170.0,5.135798437050262,72.77090021165964,72.78305103101533,-0.012150819355696285,0.012150819355696285,True,0.0017049287758653666
gpr,1000,1000,1000,0.5,172.0,5.147494476813453,74.74734424860299,74.75938560603612,-0.012041357433133726,0.012041357433133726,True,0.0017015360950589616
gpr,1000,1000,1000,0.5,174.0,5.159055299214529,76.72571217439463,76.73764957619125,-0.011937401796615177,0.011937401796615177,True,0.0016986544625121759
gpr,1000,1000,1000,0.5,176.0,5.170483995038151,78.70584633974522,78.71767499513054,-0.011828655385315301,0.011828655385315301,True,0.0016965333902829365
gpr,1000,1000,1000,0.5,178.0,5.181783550292085,80.6876049053053,80.69930954709343,-0.011704641788128356,0.011704641788128356,True,0.0016954809708018988
gpr,1000,1000,1000,0.5,180.0,5.19295685089021,82.67085879543367,82.6824149491827,-0.011556153749026521,0.011556153749026521,True,0.0016958359401651167
gpr,1000,1000,1000,0.5,182.0,5.204006687076795,84.65548901695422,84.66686554171581,-0.011376524761587348,0.011376524761587348,True,0.001697928605206445
gpr,1000,1000,1000,0.5,184.0,5.214935757608986,86.64138442400167,86.65254704060229,-0.011162616600614683,0.011162616600614683,True,0.0017020348395792033
gpr,1000,1000,1000,0.5,186.0,5.225746673713202,88.62843997399682,88.63935542971824,-0.010915455721416834,0.010915455721416834,True,0.0017083300244961402
gpr,1000,1000,1000,0.5,188.0,5.236441962829949,90.61655548201827,90.62719597465701,-0.010640492638742671,0.010640492638742671,True,0.0017168511753404027
gpr,1000,1000,1000,0.5,190.0,5.247024072160486,92.60563484582678,92.61598234209876,-0.010347496271975842,0.010347496271975842,True,0.0017274748228517833
gpr,1000,1000,1000,0.5,192.0,5.2574953720277815,94.59558568433192,94.60563581144287,-0.010050127110943663,0.010050127110943663,True,0.0017399154895048636
gpr,1000,1000,1000,0.5,194.0,5.267858159063328,96.58631931098319,96.59608456736095,-0.009765256377761489,0.009765256377761489,True,0.0017537455549683364
gpr,1000,1000,1000,0.5,196.0,5.278114659230517,98.57775095123861,98.58726306359765,-0.009512112359033154,0.009512112359033154,True,0.0017684331406368735
gpr,1000,1000,1000,0.5,198.0,5.288267030694535,100.56980010952248,100.57911144974983,-0.009311340227355913,0.009311340227355913,True,0.0017833914672263718
gpr,1000,1000,1000,0.5,200.0,5.298317366548036,102.56239099568438,102.5715750539136,-0.009184058229223524,0.009184058229223524,True,0.0017980317413998127
gpr,1000,1000,1000,1.0,50.0,3.912023005428146,0.15613046235966976,0.1634110378270394,-0.007280575467369627,0.007280575467369627,False,0.0018514562977296463
gpr,1000,1000,1000,1.0,52.0,3.9512437185814275,0.22064212323198262,0.22837888724870267,-0.007736764016720049,0.007736764016720049,False,0.0018265359622120511
gpr,1000,1000,1000,1.0,54.0,3.9889840465642745,0.30549124815752293,0.31297391312589046,-0.007482664968367525,0.007482664968367525,False,0.0017999083250897468
gpr,1000,1000,1000,1.0,56.0,4.02535169073515,0.4148673371687437,0.4210806673500947,-0.006213330181351007,0.006213330181351007,False,0.0017660855994865653
gpr,1000,1000,1000,1.0,58.0,4.060443010546419,0.5530500471613777,0.5568193567981432,-0.003769309636765472,0.003769309636765472,False,0.001725915899553435
gpr,1000,1000,1000,1.0,60.0,4.0943445622221,0.7242535147720446,0.724452082421889,-0.00019856764984438335,0.00019856764984438335,False,0.001689300257541863
gpr,1000,1000,1000,1.0,62.0,4.127134385045092,0.9325060333549118,0.9282793518803522,0.004226681474559624,0.004226681474559624,False,0.0016673465849295639
gpr,1000,1000,1000,1.0,64.0,4.1588830833596715,1.181580128168207,1.1725330408067594,0.009047087361447659,0.009047087361447659,False,0.0016642745688395368
gpr,1000,1000,1000,1.0,66.0,4.189654742026425,1.4749715457228376,1.46127187152099,0.01369967420184759,0.01369967420184759,False,0.0016746634134034908
gpr,1000,1000,1000,1.0,68.0,4.219507705176107,1.8159113558695026,1.7982848389180548,0.01762651695144779,0.01762651695144779,False,0.0016875203675925487
gpr,1000,1000,1000,1.0,70.0,4.248495242049359,2.2073886723628675,2.1870069899911195,0.020381682371747978,0.020381682371747978,False,0.0016954686986773847
gpr,1000,1000,1000,1.0,72.0,4.276666119016055,2.6521629087756082,2.6304507209613806,0.02171218781422768,0.02171218781422768,False,0.0017031996112128692
gpr,1000,1000,1000,1.0,74.0,4.30406509320417,3.1527515745237906,3.1311544498842157,0.02159712463957497,0.02159712463957497,False,0.001727719792118864
gpr,1000,1000,1000,1.0,76.0,4.330733340286331,3.7113892189499893,3.691149281831378,0.020239937118611273,0.020239937118611273,False,0.0017868113577798887
gpr,1000,1000,1000,1.0,78.0,4.356708826689592,4.329962493861785,4.3119432019140325,0.01801929194775287,0.01801929194775287,False,0.0018828571941280807
gpr,1000,1000,1000,1.0,80.0,4.382026634673881,5.009933403235664,4.994521465211142,0.015411938024521454,0.015411938024521454,False,0.001997392965340679
gpr,1000,1000,1000,1.0,82.0,4.406719247264253,5.75226640494202,5.739361225436797,0.012905179505223074,0.012905179505223074,False,0.0021012080033174407
gpr,1000,1000,1000,1.0,84.0,4.430816798843313,6.557374724962756,6.546458052372895,0.010916672589861065,0.010916672589861065,False,0.0021689592215169695
gpr,1000,1000,1000,1.0,86.0,4.454347296253507,7.425097491083761,7.41536180893018,0.00973568215358167,0.00973568215358167,False,0.0021882514145116164
gpr,1000,1000,1000,1.0,88.0,4.477336814478207,8.354713260797325,8.345219357611029,0.009493903186296393,0.009493903186296393,False,0.002161647090549958
gpr,1000,1000,1000,1.0,90.0,4.499809670330265,9.344988778366314,9.334821703223547,0.010167075142767601,0.010167075142767601,False,0.0021036691768127344
gpr,1000,1000,1000,1.0,92.0,4.5217885770490405,10.394255903621342,10.382653413693644,0.0116024899276983,0.0116024899276983,False,0.002034783691888681
gpr,1000,1000,1000,1.0,94.0,4.543294782270004,11.50050576828562,11.486942456675983,0.013563311609637196,0.013563311609637196,False,0.0019740782636272023
gpr,1000,1000,1000,1.0,96.0,4.564348191467836,12.661487873127953,12.645708914629552,0.015778958498401607,0.015778958498401607,False,0.0019329556853636533
gpr,1000,1000,1000,1.0,98.0,4.584967478670572,13.87480292485725,13.85681136964136,0.017991555215889576,0.017991555215889576,False,0.0019126197453392078
gpr,1000,1000,1000,1.0,100.0,4.605170185988092,15.137981105163817,15.117990062545347,0.019991042618469734,0.019991042618469734,False,0.0019064693629449072
gpr,1000,1000,1000,1.0,102.0,4.624972813284271,16.448541274385207,16.426906215761704,0.021635058623502346,0.021635058623502346,True,0.0019053066747334922
gpr,1000,1000,1000,1.0,104.0,4.6443908991413725,17.804030434448123,17.781177157935474,0.02285327651264879,0.02285327651264879,True,0.0019019531672524947
gpr,1000,1000,1000,1.0,106.0,4.663439094112067,19.202045889825513,19.178407097272355,0.023638792553157373,0.023638792553157373,True,0.0018934214810604822
gpr,1000,1000,1000,1.0,108.0,4.68213122712422,20.640244525899107,20.616213559093275,0.02403096680583161,0.02403096680583161,True,0.0018807703059062631
gpr,1000,1000,1000,1.0,110.0,4.700480365792417,22.116344362288146,22.092249633516513,0.0240947287716331,0.0240947287716331,True,0.0018675827517870586
gpr,1000,1000,1000,1.0,112.0,4.718498871295094,23.628123186864286,23.604222274832683,0.023900912031603383,0.023900912031603383,True,0.0018579910063338772
gpr,1000,1000,1000,1.0,114.0,4.736198448394496,25.173417956001686,25.149906959428957,0.02351099657272826,0.02351099657272826,True,0.0018549610005810118
gpr,1000,1000,1000,1.0,116.0,4.7535901911063645,26.750127144903217,26.727159048781232,0.02296809612198558,0.02296809612198558,True,0.001859323839715488
gpr,1000,1000,1000,1.0,118.0,4.770684624465665,28.356216712638798,28.333922222794314,0.022294489844483678,0.022294489844483678,True,0.0018697279760811728
gpr,1000,1000,1000,1.0,120.0,4.787491742782046,29.9897290875042,29.968234351066304,0.0214947364378979,0.0214947364378979,True,0.0018833216071131548
gpr,1000,1000,1000,1.0,122.0,4.804021044733257,31.6487937442198,31.628231159520634,0.020562584699167274,0.020562584699167274,True,0.0018967411455487056
gpr,1000,1000,1000,1.0,124.0,4.820281565605037,33.331637585295994,33.312148030760774,0.01948955453521961,0.01948955453521961,True,0.0019069958243588812
gpr,1000,1000,1000,1.0,126.0,4.836281906951478,35.0365934101892,35.01832025142874,0.018273158760457875,0.018273158760457875,True,0.0019120224412579416
gpr,1000,1000,1000,1.0,128.0,4.852030263919617,36.762105150413845,36.74518199117959,0.016923159234252694,0.016923159234252694,True,0.001910878496386172
gpr,1000,1000,1000,1.0,130.0,4.867534450455582,38.50672912987511,38.491264267545375,0.015464862329736206,0.015464862329736206,True,0.0019036560955969495
gpr,1000,1000,1000,1.0,132.0,4.882801922586371,40.269131241280775,40.25519212041186,0.013939120868911914,0.013939120868911914,True,0.0018912327525857464
gpr,1000,1000,1000,1.0,134.0,4.897839799950911,42.04808049772737,42.035681190148146,0.012399307579222807,0.012399307579222807,True,0.0018749632217415673
gpr,1000,1000,1000,1.0,136.0,4.912654885736052,43.84243984488921,43.831533865373174,0.01090597951603911,0.01090597951603911,True,0.0018563875182145398
gpr,1000,1000,1000,1.0,138.0,4.927253685157205,45.65115536258145,45.64163514039854,0.009520222182906934,0.009520222182906934,True,0.0018369988464775509
gpr,1000,1000,1000,1.0,140.0,4.941642422609304,47.47324504172957,47.464948298843645,0.008296742885924857,0.008296742885924857,True,0.0018180872807436043
gpr,1000,1000,1000,1.0,142.0,4.955827057601261,49.30778821686545,49.300510518888046,0.007277697977400521,0.007277697977400521,True,0.0018006537664196228
gpr,1000,1000,1000,1.0,144.0,4.969813299576001,51.15391650666834,51.14742847710924,0.006488029559100994,0.006488029559100994,True,0.0017853768409940868
gpr,1000,1000,1000,1.0,146.0,4.983606621708336,53.01080681759504,53.00487401177295,0.005932805822091325,0.005932805822091325,True,0.001772611810696024
gpr,1000,1000,1000,1.0,148.0,4.997212273764115,54.87767664606781,54.87207989262816,0.005596753439654378,0.005596753439654378,True,0.0017624074562475583
gpr,1000,1000,1000,1.0,150.0,5.0106352940962555,56.75378161795925,56.7483357325589,0.005445885400348516,0.005445885400348516,True,0.0017545341691398413
gpr,1000,1000,1000,1.0,152.0,5.0238805208462765,58.63841496033274,58.63298406662994,0.005430893702801143,0.005430893702801143,True,0.0017485250810581503
gpr,1000,1000,1000,1.0,154.0,5.0369526024136295,60.53090843021755,60.52541661594325,0.005491814274300566,0.005491814274300566,True,0.0017437347589296269
gpr,1000,1000,1000,1.0,156.0,5.049856007249537,62.43063413478649,62.42507074708173,0.005563387704754064,0.005563387704754064,True,0.0017394177478016572
gpr,1000,1000,1000,1.0,158.0,5.062595033026967,64.33700666326195,64.33142613256601,0.005580530695937114,0.005580530695937114,True,0.0017348236054666303
gpr,1000,1000,1000,1.0,160.0,5.075173815233827,66.24948500164919,66.24400161349901,0.0054833881501821224,0.0054833881501821224,True,0.0017292989503677873
gpr,1000,1000,1000,1.0,162.0,5.087596335232384,68.16757380085255,68.16235226226517,0.00522153858737795,0.00522153858737795,True,0.0017223830521036524
gpr,1000,1000,1000,1.0,164.0,5.099866427824199,70.09082369721364,70.08606664062279,0.004757056590847242,0.004757056590847242,True,0.0017138825899656812
gpr,1000,1000,1000,1.0,166.0,5.111987788356544,72.01883052526546,72.01476424666058,0.0040662786048812904,0.0040662786048812904,True,0.0017039132150880349
gpr,1000,1000,1000,1.0,168.0,5.123963979403259,73.95123339776183,73.94809314275734,0.0031402550044816735,0.0031402550044816735,True,0.0016928995203032338
gpr,1000,1000,1000,1.0,170.0,5.135798437050262,75.88771174675367,75.88572775578653,0.001983990967133309,0.001983990967133309,True,0.0016815302860361764
gpr,1000,1000,1000,1.0,172.0,5.147494476813453,77.8279815117694,77.82736684026604,0.0006146715033565897,0.0006146715033565897,True,0.00167067196210022
gpr,1000,1000,1000,1.0,174.0,5.159055299214529,79.77179072321405,79.77273159489253,-0.0009408716784804483,0.0009408716784804483,True,0.0016612499214733877
gpr,1000,1000,1000,1.0,176.0,5.170483995038151,81.71891475992061,81.7215639228451,-0.0026491629244986825,0.0026491629244986825,True,0.0016541136744610513
gpr,1000,1000,1000,1.0,178.0,5.181783550292085,83.66915156130563,83.673624826373,-0.0044732650673751095,0.0044732650673751095,True,0.0016499073132524402
gpr,1000,1000,1000,1.0,180.0,5.19295685089021,85.6223170519579,85.62869292641655,-0.006375874458640851,0.006375874458640851,True,0.0016489679927913622
gpr,1000,1000,1000,1.0,182.0,5.204006687076795,87.57824099474874,87.58656309835582,-0.008322103607085296,0.008322103607085296,True,0.0016512714292090441
gpr,1000,1000,1000,1.0,184.0,5.214935757608986,89.53676343488951,89.54704521536969,-0.010281780480184466,0.010281780480184466,True,0.001656434157398699
gpr,1000,1000,1000,1.0,186.0,5.225746673713202,91.4977318380088,91.50996299133207,-0.012231153323270405,0.012231153323270405,True,0.0016637700790229511
gpr,1000,1000,1000,1.0,188.0,5.236441962829949,93.46099896559235,93.47515291563319,-0.014153950040835639,0.014153950040835639,True,0.0016723877760758377
gpr,1000,1000,1000,1.0,190.0,5.247024072160486,95.42642147665197,95.44246327278175,-0.016041796129783847,0.016041796129783847,True,0.0016813086170303353
gpr,1000,1000,1000,1.0,192.0,5.2574953720277815,97.39385919812094,97.41175324011412,-0.01789404199318767,0.01789404199318767,True,0.001689585102693384
gpr,1000,1000,1000,1.0,194.0,5.267858159063328,99.36317497071013,99.38289205740084,-0.019717086690704377,0.019717086690704377,True,0.0016964029625459506
gpr,1000,1000,1000,1.0,196.0,5.278114659230517,101.33423495321654,101.35575826258274,-0.02152330936620217,0.02152330936620217,True,0.0017011565588523879
gpr,1000,1000,1000,1.0,198.0,5.288267030694535,103.30690925588169,103.33023898829941,-0.023329732417721516,0.023329732417721516,True,0.0017034931473480799
gpr,1000,1000,1000,1.0,200.0,5.298317366548036,105.28107277211302,105.30622931427729,-0.025156542164268103,0.025156542164268103,True,0.0017033260061797564
gpr,1000,1000,1000,1.5,50.0,3.912023005428146,0.5793992320748202,0.5887733428240653,-0.009374110749245101,0.009374110749245101,False,0.001988261714097448
gpr,1000,1000,1000,1.5,52.0,3.9512437185814275,0.7498552220909005,0.7614064106834673,-0.011551188592566763,0.011551188592566763,False,0.001962966072805731
gpr,1000,1000,1000,1.5,54.0,3.9889840465642745,0.9552355915157023,0.968632146781214,-0.013396555265511756,0.013396555265511756,False,0.001951703852470167
gpr,1000,1000,1000,1.5,56.0,4.02535169073515,1.1988378401822501,1.2138170518288447,-0.014979211646594548,0.014979211646594548,False,0.0019410505200255182
gpr,1000,1000,1000,1.5,58.0,4.060443010546419,1.4836801355465923,1.5001053489181926,-0.0164252133716003,0.0164252133716003,False,0.0019206323374343962
gpr,1000,1000,1000,1.5,60.0,4.0943445622221,1.8125982799163012,1.830363575811897,-0.017765295895595834,0.017765295895595834,False,0.0019184598960460563
gpr,1000,1000,1000,1.5,62.0,4.127134385045092,2.1882751925694492,2.2071370865754125,-0.018861894005963276,0.018861894005963276,False,0.0019581199276973195
gpr,1000,1000,1000,1.5,64.0,4.1588830833596715,2.6131453659338604,2.632618819032136,-0.019473453098275417,0.019473453098275417,False,0.0020134630989643103
gpr,1000,1000,1000,1.5,66.0,4.189654742026425,3.0892245304708013,3.1086300094229107,-0.019405478952109423,0.019405478952109423,False,0.0020427879247329746
gpr,1000,1000,1000,1.5,68.0,4.219507705176107,3.6179679231506725,3.6366120142382274,-0.018644091087554937,0.018644091087554937,False,0.002038822233572035
gpr,1000,1000,1000,1.5,70.0,4.248495242049359,4.200234751161588,4.2176280326425015,-0.01739328148091346,0.01739328148091346,False,0.002027438084875628
gpr,1000,1000,1000,1.5,72.0,4.276666119016055,4.836368265760143,4.852373299264322,-0.01600503350417881,0.01600503350417881,False,0.0020315359435958825
gpr,1000,1000,1000,1.5,74.0,4.30406509320417,5.5263421886351125,5.541192216424054,-0.014850027788941844,0.014850027788941844,False,0.00204937395080624
gpr,1000,1000,1000,1.5,76.0,4.330733340286331,6.269904914778408,6.284100893383053,-0.014195978604645276,0.014195978604645276,False,0.0020696177930277855
gpr,1000,1000,1000,1.5,78.0,4.356708826689592,7.066671514576569,7.08081363361126,-0.014142119034691092,0.014142119034691092,False,0.0020952638347503955
gpr,1000,1000,1000,1.5,80.0,4.382026634673881,7.916149503545512,7.930772036639782,-0.014622533094270196,0.014622533094270196,False,0.0021434137399684214
gpr,1000,1000,1000,1.5,82.0,4.406719247264253,8.817715535511184,8.833175538925051,-0.01546000341386744,0.01546000341386744,False,0.002222343216872238
gpr,1000,1000,1000,1.5,84.0,4.430816798843313,9.770574340524604,9.787012391901422,-0.016438051376818308,0.016438051376818308,False,0.0023142335992450704
gpr,1000,1000,1000,1.5,86.0,4.454347296253507,10.773728020837325,10.7910902522436,-0.017362231406275797,0.017362231406275797,False,0.002383297854253059
gpr,1000,1000,1000,1.5,88.0,4.477336814478207,11.825970500112817,11.844065729869865,-0.018095229757047804,0.018095229757047804,False,0.0023977884573193396
gpr,1000,1000,1000,1.5,90.0,4.499809670330265,12.925907376135001,12.944472396949896,-0.018565020814895306,0.018565020814895306,False,0.0023458887885453718
gpr,1000,1000,1000,1.5,92.0,4.5217885770490405,14.071991842103898,14.090746902171142,-0.018755060067244145,0.018755060067244145,False,0.002239183868635694
gpr,1000,1000,1000,1.5,94.0,4.543294782270004,15.262564707468641,15.281252956777017,-0.01868824930837576,0.01868824930837576,False,0.002106490210982187
gpr,1000,1000,1000,1.5,96.0,4.564348191467836,16.495889439881694,16.514303061935667,-0.018413622053973455,0.018413622053973455,False,0.001981861830220072
gpr,1000,1000,1000,1.5,98.0,4.584967478670572,17.77017853104985,17.788177931408164,-0.017999400358313267,0.017999400358313267,False,0.0018908788221656547
gpr,1000,1000,1000,1.5,100.0,4.605170185988092,19.083612443662105,19.10114363057415,-0.017531186912044916,0.017531186912044916,False,0.00184171815467641
gpr,1000,1000,1000,1.5,102.0,4.624972813284271,20.434355155690355,20.451466504378626,-0.017111348688271022,0.017111348688271022,True,0.0018269344651858325
gpr,1000,1000,1000,1.5,104.0,4.6443908991413725,21.82057049619516,21.837426004645213,-0.016855508450053236,0.016855508450053236,True,0.0018334204236555966
gpr,1000,1000,1000,1.5,106.0,4.663439094112067,23.240441727175494,23.25732555346866,-0.016883826293167203,0.016883826293167203,True,0.0018512262321793284
gpr,1000,1000,1000,1.5,108.0,4.68213122712422,24.69219431008986,24.709501596004134,-0.017307285914274217,0.017307285914274217,True,0.0018759184975517308
gpr,1000,1000,1000,1.5,110.0,4.700480365792417,26.17411959237711,26.19233100472104,-0.018211412343930533,0.018211412343930533,True,0.0019062208512862792
gpr,1000,1000,1000,1.5,112.0,4.718498871295094,27.68459596023513,27.704236999727943,-0.01964103949281437,0.01964103949281437,True,0.0019409821719599172
gpr,1000,1000,1000,1.5,114.0,4.736198448394496,29.222104038570706,29.243693747527793,-0.02158970895708734,0.02158970895708734,True,0.0019779810336181657
gpr,1000,1000,1000,1.5,116.0,4.7535901911063645,30.78523357258905,30.809229794764256,-0.023996222175206583,0.023996222175206583,True,0.0020146575126270025
gpr,1000,1000,1000,1.5,118.0,4.770684624465665,32.372681247398305,32.39943048520211,-0.02674923780380567,0.02674923780380567,True,0.002049415435680337
gpr,1000,1000,1000,1.5,120.0,4.787491742782046,33.98324038763167,34.012939498187116,-0.02969911055544827,0.02969911055544827,True,0.0020821863477328687
gpr,1000,1000,1000,1.5,122.0,4.804021044733257,35.615784812052425,35.64845963585086,-0.03267482379843756,0.03267482379843756,True,0.002113858842465664
gpr,1000,1000,1000,1.5,124.0,4.820281565605037,37.26924985392634,37.30475297488213,-0.03550312095578789,0.03550312095578789,True,0.002145060608339599
gpr,1000,1000,1000,1.5,126.0,4.836281906951478,38.942613638915645,38.9806404872111,-0.038026848295452,0.038026848295452,True,0.002175144720299459
gpr,1000,1000,1000,1.5,128.0,4.852030263919617,40.634881233532724,40.67500122273497,-0.04011998920224613,0.04011998920224613,True,0.002202006087407324
gpr,1000,1000,1000,1.5,130.0,4.867534450455582,42.345073429964486,42.38677113648775,-0.041697706523265765,0.041697706523265765,True,0.0022227838134846693
gpr,1000,1000,1000,1.5,132.0,4.882801922586371,44.072220939340696,44.11494163256662,-0.04272069322592387,0.04272069322592387,True,0.002235005193397129
gpr,1000,1000,1000,1.5,134.0,4.897839799950911,45.81536382775039,45.85855788776555,-0.043194060015160574,0.043194060015160574,True,0.002237579520799922
gpr,1000,1000,1000,1.5,136.0,4.912654885736052,47.573555293797654,47.61671700928652,-0.04316171548886416,0.04316171548886416,True,0.002231225395269711
gpr,1000,1000,1000,1.5,138.0,4.927253685157205,49.34586843220313,49.38856607311198,-0.0426976409088482,0.0426976409088482,True,0.0022182123575669906
gpr,1000,1000,1000,1.5,140.0,4.941642422609304,51.13140446712532,51.173300082623,-0.04189561549767973,0.04189561549767973,True,0.0022015612862258714
gpr,1000,1000,1000,1.5,142.0,4.955827057601261,52.929301032527746,52.97015988080409,-0.04085884827634345,0.04085884827634345,True,0.002184021550841973
gpr,1000,1000,1000,1.5,144.0,4.969813299576001,54.738739353888604,54.77843004385079,-0.03969068996218539,0.03969068996218539,True,0.0021672055382561495
gpr,1000,1000,1000,1.5,146.0,4.983606621708336,56.55894956311249,56.5974367791447,-0.03848721603220895,0.03848721603220895,True,0.0021511879909690713
gpr,1000,1000,1000,1.5,148.0,4.997212273764115,58.38921377771612,58.42654584631849,-0.037332068602367485,0.037332068602367485,True,0.002134679353705983
gpr,1000,1000,1000,1.5,150.0,5.0106352940962555,60.22886693369128,60.265160516462565,-0.036293582771286026,0.036293582771286026,True,0.0021156470083496873
gpr,1000,1000,1000,1.5,152.0,5.0238805208462765,62.077295637904626,62.112719581356295,-0.03542394345166855,0.03542394345166855,True,0.002092109508503388
gpr,1000,1000,1000,1.5,154.0,5.0369526024136295,63.93393548115955,63.96869542189731,-0.03475994073775723,0.03475994073775723,True,0.0020628258742703583
gpr,1000,1000,1000,1.5,156.0,5.049856007249537,65.79826732828724,65.83259214259549,-0.034324814308249074,0.034324814308249074,True,0.002027704002254909
gpr,1000,1000,1000,1.5,158.0,5.062595033026967,67.669813090876,67.70394377705186,-0.034130686175856795,0.034130686175856795,True,0.0019878765873847844
gpr,1000,1000,1000,1.5,160.0,5.075173815233827,69.5481314154647,69.58231256770728,-0.03418115224258145,0.03418115224258145,True,0.001945485033388012
gpr,1000,1000,1000,1.5,162.0,5.087596335232384,71.43281361063373,71.46728732179065,-0.03447371115692022,0.03447371115692022,True,0.0019032616933424209
gpr,1000,1000,1000,1.5,164.0,5.099866427824199,73.3234800153341,73.35848184427277,-0.03500182893867532,0.03500182893867532,True,0.0018640219638581962
gpr,1000,1000,1000,1.5,166.0,5.111987788356544,75.21977689739197,75.25553344771937,-0.03575655032740599,0.03575655032740599,True,0.0018301819635081064
gpr,1000,1000,1000,1.5,168.0,5.123963979403259,77.12137387947723,77.15810153820148,-0.03672765872424577,0.03672765872424577,True,0.0018034049869943228
gpr,1000,1000,1000,1.5,170.0,5.135798437050262,79.02796182643431,79.06586627583155,-0.0379044493972458,0.0379044493972458,True,0.0017844442500820066
gpr,1000,1000,1000,1.5,172.0,5.147494476813453,80.93925109429495,80.9785273080376,-0.039276213742653,0.039276213742653,True,0.0017731919272271838
gpr,1000,1000,1000,1.5,174.0,5.159055299214529,82.85497003413411,82.89580257334389,-0.0408325392097737,0.0408325392097737,True,0.0017688832736446742
gpr,1000,1000,1000,1.5,176.0,5.170483995038151,84.77486365700793,84.81742717315927,-0.0425635161513469,0.0425635161513469,True,0.0017703667225808864
gpr,1000,1000,1000,1.5,178.0,5.181783550292085,86.69869239175694,86.74315230890518,-0.044459917148245154,0.044459917148245154,True,0.0017763517080677139
gpr,1000,1000,1000,1.5,180.0,5.19295685089021,88.62623089833323,88.67274428168611,-0.046513383352873916,0.046513383352873916,True,0.0017855785068696018
gpr,1000,1000,1000,1.5,182.0,5.204006687076795,90.55726692870655,90.60598355164936,-0.04871662294280554,0.04871662294280554,True,0.001796896847923289
gpr,1000,1000,1000,1.5,184.0,5.214935757608986,92.49160025065078,92.54266385415086,-0.05106360350008288,0.05106360350008288,True,0.0018092731070029563
gpr,1000,1000,1000,1.5,186.0,5.225746673713202,94.4290416642018,94.48259136985816,-0.05354970565635142,0.05354970565635142,True,0.001821761184218513
gpr,1000,1000,1000,1.5,188.0,5.236441962829949,96.36941214494414,96.42558394595957,-0.05617180101543795,0.05617180101543795,True,0.0018334710874437538
gpr,1000,1000,1000,1.5,190.0,5.247024072160486,98.31254214391515,98.37147036570833,-0.058928221793181024,0.058928221793181024,True,0.0018435583129340523
gpr,1000,1000,1000,1.5,192.0,5.2574953720277815,100.2582710620839,100.3200896636053,-0.06181860152139507,0.06181860152139507,True,0.0018512427688685876
gpr,1000,1000,1000,1.5,194.0,5.267858159063328,102.2064469012098,102.27129048361545,-0.06484358240564347,0.06484358240564347,True,0.0018558534199786074
gpr,1000,1000,1000,1.5,196.0,5.278114659230517,104.15692607515336,104.22493047790869,-0.06800440275532083,0.06800440275532083,True,0.0018568867671071893
gpr,1000,1000,1000,1.5,198.0,5.288267030694535,106.10957334902241,106.18087574372058,-0.07130239469816502,0.07130239469816502,True,0.0018540641917711542
gpr,1000,1000,1000,1.5,200.0,5.298317366548036,108.06426186043666,108.13900029603367,-0.07473843559701265,0.07473843559701265,True,0.0018473742249599954
gpr,1000,1000,1000,2.0,50.0,3.912023005428146,1.285913375666837,1.2589833602466978,0.026930015420139286,0.026930015420139286,False,0.002026883337816023
gpr,1000,1000,1000,2.0,52.0,3.9512437185814275,1.580660449820698,1.551535749482354,0.029124700338343912,0.029124700338343912,False,0.0019618226446081015
gpr,1000,1000,1000,2.0,54.0,3.9889840465642745,1.9181299430621266,1.8868080839901586,0.03132185907196794,0.03132185907196794,False,0.001957788058304114
gpr,1000,1000,1000,2.0,56.0,4.02535169073515,2.300619010103901,2.266851725903503,0.033767284200397985,0.033767284200397985,False,0.00197829084703068
gpr,1000,1000,1000,2.0,58.0,4.060443010546419,2.729907671610931,2.6933828881675757,0.036524783443355524,0.036524783443355524,False,0.0019904117169609746
gpr,1000,1000,1000,2.0,60.0,4.0943445622221,3.2072811025684587,3.1677797243748533,0.03950137819360533,0.03950137819360533,False,0.0019831228719817493
gpr,1000,1000,1000,2.0,62.0,4.127134385045092,3.733606047217336,3.6910874611443334,0.04251858607300241,0.04251858607300241,False,0.0019617531403299296
gpr,1000,1000,1000,2.0,64.0,4.1588830833596715,4.309420956359759,4.264030119395751,0.0453908369640077,0.0453908369640077,False,0.0019359739480945641
gpr,1000,1000,1000,2.0,66.0,4.189654742026425,4.935009570984448,4.887027400523635,0.04798217046081277,0.04798217046081277,False,0.0019112584765547383
gpr,1000,1000,1000,2.0,68.0,4.219507705176107,5.610444954858792,5.560215405918465,0.05022954894032683,0.05022954894032683,False,0.0018876763123305493
gpr,1000,1000,1000,2.0,70.0,4.248495242049359,6.335606224442813,6.283469990774782,0.05213623366803066,0.05213623366803066,False,0.001864139946077923
gpr,1000,1000,1000,2.0,72.0,4.276666119016055,7.1101788507909305,7.056431707273529,0.053747143517401064,0.053747143517401064,False,0.0018425168758854239
gpr,1000,1000,1000,2.0,74.0,4.30406509320417,7.933651138069024,7.8785314539083116,0.055119684160712445,0.055119684160712445,False,0.0018276026314497339
gpr,1000,1000,1000,2.0,76.0,4.330733340286331,8.805316494041676,8.749016106683472,0.05630038735820442,0.05630038735820442,False,0.0018234634199579896
gpr,1000,1000,1000,2.0,78.0,4.356708826689592,9.724286172458164,9.666973557167337,0.05731261529082765,0.05731261529082765,False,0.001829802774899092
gpr,1000,1000,1000,2.0,80.0,4.382026634673881,10.689512489126741,10.631356717614514,0.058155771512227616,0.058155771512227616,False,0.001841568894276727
gpr,1000,1000,1000,2.0,82.0,4.406719247264253,11.699819312630211,11.641006172313999,0.05881314031621265,0.05881314031621265,False,0.0018518180290842145
gpr,1000,1000,1000,2.0,84.0,4.430816798843313,12.753935229586546,12.694671256228183,0.05926397335836242,0.05926397335836242,False,0.0018552943799410601
gpr,1000,1000,1000,2.0,86.0,4.454347296253507,13.85052491535862,13.791029427192841,0.0594954881657781,0.0594954881657781,False,0.0018504155805741777
gpr,1000,1000,1000,2.0,88.0,4.477336814478207,14.988215368320652,14.928703867478696,0.05951150084195689,0.05951150084195689,False,0.0018390826521702713
gpr,1000,1000,1000,2.0,90.0,4.499809670330265,16.165615226908244,16.106279305834924,0.05933592107331975,0.05933592107331975,False,0.001825049284390883
gpr,1000,1000,1000,2.0,92.0,4.5217885770490405,17.381326930352316,17.322316093909112,0.059010836443203374,0.059010836443203374,False,0.001811998111674521
gpr,1000,1000,1000,2.0,94.0,4.543294782270004,18.633952713596273,18.575362602896835,0.05859011069943776,0.05859011069943776,False,0.00180225787749116
gpr,1000,1000,1000,2.0,96.0,4.564348191467836,19.92209620533322,19.8639660291078,0.058130176225418495,0.058130176225418495,False,0.0017965366793196308
gpr,1000,1000,1000,2.0,98.0,4.584967478670572,21.24436170905267,21.186681712412497,0.05767999664017154,0.05767999664017154,False,0.0017944342370620914
gpr,1000,1000,1000,2.0,100.0,4.605170185988092,22.599353155079143,22.542081080686568,0.05727207439257498,0.05727207439257498,False,0.0017951635583741638
gpr,1000,1000,1000,2.0,102.0,4.624972813284271,23.985674325638,23.928758337653864,0.05691598798413722,0.05691598798413722,True,0.0017979994260083156
gpr,1000,1000,1000,2.0,104.0,4.6443908991413725,25.401931398142665,25.345336012034142,0.05659538610852266,0.05659538610852266,True,0.0018023109697784766
gpr,1000,1000,1000,2.0,106.0,4.663439094112067,26.84673823971457,26.79046948354769,0.05626875616687954,0.05626875616687954,True,0.001807349427671202
gpr,1000,1000,1000,2.0,108.0,4.68213122712422,28.318724314820088,28.26285059689163,0.0558737179284563,0.0558737179284563,True,0.0018120814230467006
gpr,1000,1000,1000,2.0,110.0,4.700480365792417,29.816544606459615,29.76121046890271,0.05533413755690475,0.05533413755690475,True,0.0018152772581261248
gpr,1000,1000,1000,2.0,112.0,4.718498871295094,31.33889063988738,31.28432158727867,0.05456905260871281,0.05456905260871281,True,0.0018158807930906662
gpr,1000,1000,1000,2.0,114.0,4.736198448394496,32.88450155019336,32.83099929183904,0.053502258354320986,0.053502258354320986,True,0.0018135232256984168
gpr,1000,1000,1000,2.0,116.0,4.7535901911063645,34.452174142403805,34.400102721684625,0.05207142071918014,0.05207142071918014,True,0.0018089689690508224
gpr,1000,1000,1000,2.0,118.0,4.770684624465665,36.04077102979079,35.99053530400359,0.05023572578719637,0.05023572578719637,True,0.0018042991354146607
gpr,1000,1000,1000,2.0,120.0,4.787491742782046,37.64922616740944,37.601244852837354,0.04798131457208399,0.04798131457208399,True,0.0018027121643561619
gpr,1000,1000,1000,2.0,122.0,4.804021044733257,39.27654738356091,39.2312233390041,0.04532404455680705,0.04532404455680705,True,0.0018079282982306944
gpr,1000,1000,1000,2.0,124.0,4.820281565605037,40.92181581303612,40.879506385648725,0.042309427387394294,0.042309427387394294,True,0.0018233187210951467
gpr,1000,1000,1000,2.0,126.0,4.836281906951478,42.58418241861182,42.54517253761565,0.03900988099616853,0.03900988099616853,True,0.0018510154602621076
gpr,1000,1000,1000,2.0,128.0,4.852030263919617,44.262862024640924,44.22734234704226,0.035519677598664146,0.035519677598664146,True,0.0018913176889004755
gpr,1000,1000,1000,2.0,130.0,4.867534450455582,45.95712546145137,45.925177312260736,0.031948149190633046,0.031948149190633046,True,0.0019426148105023753
gpr,1000,1000,1000,2.0,132.0,4.882801922586371,47.66629052267177,47.63787870227131,0.028411820400464194,0.028411820400464194,True,0.002001823166109588
gpr,1000,1000,1000,2.0,134.0,4.897839799950911,49.38971246945141,49.36468629469242,0.025026174758991715,0.025026174758991715,True,0.0020651265156873774
gpr,1000,1000,1000,2.0,136.0,4.912654885736052,51.12677478225342,51.104877051182896,0.021897731070524173,0.021897731070524173,True,0.0021287466810746224
gpr,1000,1000,1000,2.0,138.0,4.927253685157205,52.87688077379906,52.85776375084181,0.019117022957246377,0.019117022957246377,True,0.002189543101225108
gpr,1000,1000,1000,2.0,140.0,4.941642422609304,54.639446550460804,54.62269359899473,0.01675295146607425,0.01675295146607425,True,0.002245356577793255
gpr,1000,1000,1000,2.0,142.0,4.955827057601261,56.413895659414806,56.399046826035885,0.01484883337892029,0.01484883337892029,True,0.0022951007502207852
gpr,1000,1000,1000,2.0,144.0,4.969813299576001,58.199655600471374,58.186235288587454,0.013420311883919567,0.013420311883919567,True,0.00233864885008968
gpr,1000,1000,1000,2.0,146.0,4.983606621708336,59.99615622842043,59.98370108313241,0.012455145288022607,0.012455145288022607,True,0.002376578072175673
gpr,1000,1000,1000,2.0,148.0,4.997212273764115,61.802829934639476,61.79091518043345,0.011914754206024725,0.011914754206024725,True,0.0024098370305768047
gpr,1000,1000,1000,2.0,150.0,5.0106352940962555,63.61911338436238,63.60737608745959,0.011737296902786909,0.011737296902786909,True,0.0024394009144251007
gpr,1000,1000,1000,2.0,152.0,5.0238805208462765,65.4444505025308,65.43260854215954,0.011841960371256732,0.011841960371256732,True,0.002465974164687565
gpr,1000,1000,1000,2.0,154.0,5.0369526024136295,67.2782963494493,67.2661622452369,0.012134104212407237,0.012134104212407237,True,0.0024897883430512247
gpr,1000,1000,1000,2.0,156.0,5.049856007249537,69.12012150612043,69.10761063206421,0.012510874056218313,0.012510874056218313,True,0.0025105221763090622
gpr,1000,1000,1000,2.0,158.0,5.062595033026967,70.96941659604204,70.95654968700912,0.012866909032922536,0.012866909032922536,True,0.002527344758861531
gpr,1000,1000,1000,2.0,160.0,5.075173815233827,72.82569660074932,72.81259680171023,0.013099799039096638,0.013099799039096638,True,0.0025390587142709565
gpr,1000,1000,1000,2.0,162.0,5.087596335232384,74.68850467537584,74.67538967822543,0.01311499715041009,0.01311499715041009,True,0.0025443046751782916
gpr,1000,1000,1000,2.0,164.0,5.099866427824199,76.55741523227198,76.54458527745672,0.012829954815259725,0.012829954815259725,True,0.00254178472767854
gpr,1000,1000,1000,2.0,166.0,5.111987788356544,78.43203612957154,78.41985881282655,0.012177316744995892,0.012177316744995892,True,0.0025304687051709855
gpr,1000,1000,1000,2.0,168.0,5.123963979403259,80.31200987211889,80.30090278883111,0.01110708328778287,0.01110708328778287,True,0.0025097586816508126
gpr,1000,1000,1000,2.0,170.0,5.135798437050262,82.19701380012941,82.18742608380443,0.009587716324986673,0.009587716324986673,True,0.0024795988614751277
gpr,1000,1000,1000,2.0,172.0,5.147494476813453,84.08675930215759,84.07915307599832,0.0076062261592682034,0.0076062261592682034,True,0.0024405273959468873
gpr,1000,1000,1000,2.0,174.0,5.159055299214529,85.98099014091065,85.97582281190566,0.005167329004990506,0.005167329004990506,True,0.0023936723393553714
gpr,1000,1000,1000,2.0,176.0,5.170483995038151,87.87948002145993,87.87718821560388,0.0022918058560463805,0.0022918058560463805,True,0.0023406965528717473
gpr,1000,1000,1000,2.0,178.0,5.181783550292085,89.7820295601673,89.78301533780227,-0.0009857776349662117,0.0009857776349662117,True,0.002283696950440127
gpr,1000,1000,1000,2.0,180.0,5.19295685089021,91.68846282964932,91.69308264318929,-0.00461981353996066,0.00461981353996066,True,0.0022250635865911604
gpr,1000,1000,1000,2.0,182.0,5.204006687076795,93.59862366047764,93.60718033463459,-0.008556674156949384,0.008556674156949384,True,0.0021673051247987555
gpr,1000,1000,1000,2.0,184.0,5.214935757608986,95.51237187567904,95.52510971276544,-0.01273783708640508,0.01273783708640508,True,0.002112850545549471
gpr,1000,1000,1000,2.0,186.0,5.225746673713202,97.4295796205945,97.44668256942606,-0.017102948831563936,0.017102948831563936,True,0.002063842946568191
gpr,1000,1000,1000,2.0,188.0,5.236441962829949,99.35012793055103,99.37172061353205,-0.021592682981022904,0.021592682981022904,True,0.0020219488044034895
gpr,1000,1000,1000,2.0,190.0,5.247024072160486,101.27390365353699,101.30005492784468,-0.026151274307693484,0.026151274307693484,True,0.001988211519142959
gpr,1000,1000,1000,2.0,192.0,5.2574953720277815,103.20079681687957,103.23152545521167,-0.030728638332092828,0.030728638332092828,True,0.0019629769009461145
gpr,1000,1000,1000,2.0,194.0,5.267858159063328,105.13069849757107,105.16598051285617,-0.035282015285091006,0.035282015285091006,True,0.0019459071980908005
gpr,1000,1000,1000,2.0,196.0,5.278114659230517,107.0634992266871,107.10327633332794,-0.039777106640841,0.039777106640841,True,0.0019360813535272518
gpr,1000,1000,1000,2.0,198.0,5.288267030694535,108.9990879309978,109.0432766307757,-0.04418869977789086,0.04418869977789086,True,0.0019321592832275292
gpr,1000,1000,1000,2.0,200.0,5.298317366548036,110.93735139033913,110.98585219124094,-0.048500800901805974,0.048500800901805974,True,0.0019325756787079474
gpr,1000,1000,1000,2.5,50.0,3.912023005428146,2.112408434373606,2.0939939138020502,0.01841452057155557,0.01841452057155557,False,0.0024503915785453146
gpr,1000,1000,1000,2.5,52.0,3.9512437185814275,2.5184035083315734,2.501008963769218,0.017394544562355563,0.017394544562355563,False,0.0024119199187240163
gpr,1000,1000,1000,2.5,54.0,3.9889840465642745,2.9698247762187293,2.9542743330237244,0.01555044319500487,0.01555044319500487,False,0.0024883318026639196
gpr,1000,1000,1000,2.5,56.0,4.02535169073515,3.468035170843507,3.454715362912377,0.013319807931130079,0.013319807931130079,False,0.0025723183056598153
gpr,1000,1000,1000,2.5,58.0,4.060443010546419,4.013844307969521,4.0029537762958824,0.010890531673638293,0.010890531673638293,False,0.002614914907561915
gpr,1000,1000,1000,2.5,60.0,4.0943445622221,4.607796088699274,4.59932811009052,0.008467978608754478,0.008467978608754478,False,0.002627103848393542
gpr,1000,1000,1000,2.5,62.0,4.127134385045092,5.250301236766518,5.243916701963171,0.006384534803347108,0.006384534803347108,False,0.0026193654955386095
gpr,1000,1000,1000,2.5,64.0,4.1588830833596715,5.941569347816994,5.936562144051382,0.005007203765612367,0.005007203765612367,False,0.0025888168720386443
gpr,1000,1000,1000,2.5,66.0,4.189654742026425,6.681461967805035,6.676896312095527,0.00456565570950751,0.00456565570950751,False,0.0025409001338412935
gpr,1000,1000,1000,2.5,68.0,4.219507705176107,7.469404180402876,7.464365260239511,0.005038920163364935,0.005038920163364935,False,0.0025007331043998765
gpr,1000,1000,1000,2.5,70.0,4.248495242049359,8.304415688947984,8.298253434797084,0.006162254150899216,0.006162254150899216,False,0.00249813729576217
gpr,1000,1000,1000,2.5,72.0,4.276666119016055,9.185238294506803,9.177706802148153,0.007531492358650027,0.007531492358650027,False,0.00254102388822359
gpr,1000,1000,1000,2.5,74.0,4.30406509320417,10.110494603262623,10.10175460624892,0.00873999701370387,0.00873999701370387,False,0.002605489932349645
gpr,1000,1000,1000,2.5,76.0,4.330733340286331,11.078817312789965,11.069329570927023,0.009487741862942656,0.009487741862942656,False,0.0026538165552033987
gpr,1000,1000,1000,2.5,78.0,4.356708826689592,12.088918461612934,12.07928644288096,0.009632018731974057,0.009632018731974057,False,0.002661215334624434
gpr,1000,1000,1000,2.5,80.0,4.382026634673881,13.139599645562612,13.130418835205258,0.009180810357353408,0.009180810357353408,False,0.0026296574620891496
gpr,1000,1000,1000,2.5,82.0,4.406719247264253,14.22972338464433,14.221474380567697,0.008249004076633426,0.008249004076633426,False,0.0025827097437876117
gpr,1000,1000,1000,2.5,84.0,4.430816798843313,15.35817017610782,15.351168240080773,0.007001936027046796,0.007001936027046796,False,0.002546705173888285
gpr,1000,1000,1000,2.5,86.0,4.454347296253507,16.52380009101728,16.518195040524713,0.005605050492565766,0.005605050492565766,False,0.0025320881623645424
gpr,1000,1000,1000,2.5,88.0,4.477336814478207,17.72542861306283,17.721239330772008,0.004189282290823826,0.004189282290823826,False,0.002530736837184556
gpr,1000,1000,1000,2.5,90.0,4.499809670330265,18.96181856782357,18.958984659704818,0.002833908118752504,0.002833908118752504,False,0.002530497530052311
gpr,1000,1000,1000,2.5,92.0,4.5217885770490405,20.231685419636847,20.230121384035925,0.001564035600921443,0.001564035600921443,False,0.002531287256448482
gpr,1000,1000,1000,2.5,94.0,4.543294782270004,21.533711690210453,21.533353316457035,0.00035837375341785105,0.00035837375341785105,False,0.002548312989741389
gpr,1000,1000,1000,2.5,96.0,4.564348191467836,22.86656653947705,22.867403323462984,-0.000836783985935341,0.000836783985935341,False,0.002600586099926279
gpr,1000,1000,1000,2.5,98.0,4.584967478670572,24.22892740573957,24.231017978858798,-0.002090573119229333,0.002090573119229333,False,0.0026948376684516996
gpr,1000,1000,1000,2.5,100.0,4.605170185988092,25.619501297079296,25.622971374028765,-0.003470076949469103,0.003470076949469103,False,0.0028193865530990523
gpr,1000,1000,1000,2.5,102.0,4.624972813284271,27.037043685825665,27.042068180062774,-0.005024494237108712,0.005024494237108712,True,0.002952640001775685
gpr,1000,1000,1000,2.5,104.0,4.6443908991413725,28.480373160645854,28.487146050217035,-0.00677288957118094,0.00677288957118094,True,0.003076895187483217
gpr,1000,1000,1000,2.5,106.0,4.663439094112067,29.94838030291055,29.95707744425754,-0.008697141346988957,0.008697141346988957,True,0.003186761324652502
gpr,1000,1000,1000,2.5,108.0,4.68213122712422,31.440029841966464,31.450770949243108,-0.010741107276643902,0.010741107276643902,True,0.0032887610543236166
gpr,1000,1000,1000,2.5,110.0,4.700480365792417,32.95435600238238,32.96717216442432,-0.012816162041936252,0.012816162041936252,True,0.003394126176981096
gpr,1000,1000,1000,2.5,112.0,4.718498871295094,34.49045193467407,34.505264211304784,-0.014812276630713939,0.014812276630713939,True,0.0035093821940631715
gpr,1000,1000,1000,2.5,114.0,4.736198448394496,36.0474550028606,36.06406792361087,-0.01661292075026921,0.01661292075026921,True,0.003630077098668172
gpr,1000,1000,1000,2.5,116.0,4.7535901911063645,37.62453028974494,37.642641766006946,-0.01811147626200693,0.01811147626200693,True,0.0037408448518366573
gpr,1000,1000,1000,2.5,118.0,4.770684624465665,39.220854855823745,39.24008152491139,-0.0192266690876437,0.0192266690876437,True,0.003820722016448879
gpr,1000,1000,1000,2.5,120.0,4.787491742782046,40.83560503419494,40.85551980971237,-0.01991477551742804,0.01991477551742804,True,0.0038500027443780843
gpr,1000,1000,1000,2.5,122.0,4.804021044733257,42.46794843991847,42.48812539807446,-0.020176958155985858,0.020176958155985858,True,0.0038155642403549
gpr,1000,1000,1000,2.5,124.0,4.820281565605037,44.11704155553616,44.137102454830774,-0.020060899294612966,0.020060899294612966,True,0.0037135895559338864
gpr,1000,1000,1000,2.5,126.0,4.836281906951478,45.78203288603754,45.80168965017807,-0.019656764140528082,0.019656764140528082,True,0.0035499787445308975
gpr,1000,1000,1000,2.5,128.0,4.852030263919617,47.462070901905236,47.48115919948872,-0.019088297583486735,0.019088297583486735,True,0.0033391565895557157
gpr,1000,1000,1000,2.5,130.0,4.867534450455582,49.15631541497578,49.17481584401827,-0.01850042904248994,0.01850042904248994,True,0.0031018817129012076
gpr,1000,1000,1000,2.5,132.0,4.882801922586371,50.863950715143346,50.88199578907845,-0.018045073935105904,0.018045073935105904,True,0.0028623736352832527
gpr,1000,1000,1000,2.5,134.0,4.897839799950911,52.58419874206447,52.602065613847564,-0.017866871783091653,0.017866871783091653,True,0.0026447841556908936
gpr,1000,1000,1000,2.5,136.0,4.912654885736052,54.31633074064803,54.334421164866335,-0.018090424218307533,0.018090424218307533,True,0.002469013396696859
gpr,1000,1000,1000,2.5,138.0,4.927253685157205,56.05967619103012,56.078486443400614,-0.01881025237049272,0.01881025237049272,True,0.002346514136345633
gpr,1000,1000,1000,2.5,140.0,4.941642422609304,57.81362824043299,57.833712495212616,-0.02008425477962561,0.02008425477962561,True,0.0022778868376724048
gpr,1000,1000,1000,2.5,142.0,4.955827057601261,59.57764532503643,59.599576309847656,-0.02193098481122746,0.02193098481122746,True,0.002254142899474442
gpr,1000,1000,1000,2.5,144.0,4.969813299576001,61.35124909543174,61.37557973529078,-0.024330639859037717,0.024330639859037717,True,0.0022612645479854554
gpr,1000,1000,1000,2.5,146.0,4.983606621708336,63.13401910702851,63.16124841276679,-0.027229305738281084,0.027229305738281084,True,0.0022853185176254353
gpr,1000,1000,1000,2.5,148.0,4.997212273764115,64.92558498259314,64.9561307355086,-0.030545752915458024,0.030545752915458024,True,0.002315704886368869
gpr,1000,1000,1000,2.5,150.0,5.0106352940962555,66.72561689167469,66.75979683451304,-0.034179942838349575,0.034179942838349575,True,0.0023461014941353994
gpr,1000,1000,1000,2.5,152.0,5.0238805208462765,68.53381522732843,68.57183759360191,-0.03802236627348066,0.03802236627348066,True,0.0023739037009772113
gpr,1000,1000,1000,2.5,154.0,5.0369526024136295,70.34990031155758,70.3918636955101,-0.04196338395252042,0.04196338395252042,True,0.0023990450918215576
gpr,1000,1000,1000,2.5,156.0,5.049856007249537,72.17360284826646,72.21950470021258,-0.045901851946126726,0.045901851946126726,True,0.0024227480906931125
gpr,1000,1000,1000,2.5,158.0,5.062595033026967,74.004655690057,74.0544081562712,-0.04975246621418705,0.04975246621418705,True,0.0024464708958384404
gpr,1000,1000,1000,2.5,160.0,5.075173815233827,75.84278731402901,75.89623874561542,-0.05345143158641008,0.05345143158641008,True,0.0024711675326639904
gpr,1000,1000,1000,2.5,162.0,5.087596335232384,77.68771723028794,77.7446774618696,-0.05696023158165531,0.05696023158165531,True,0.002496904157922326
gpr,1000,1000,1000,2.5,164.0,5.099866427824199,79.53915338871002,79.59942082208154,-0.060267433371521406,0.060267433371521406,True,0.0025228259157800627
gpr,1000,1000,1000,2.5,166.0,5.111987788356544,81.39679151387145,81.46018011149853,-0.06338859762708182,0.06338859762708182,True,0.002547428113919957
gpr,1000,1000,1000,2.5,168.0,5.123963979403259,83.26031618973457,83.32668066086794,-0.06636447113336885,0.06636447113336885,True,0.0025690592265032067
gpr,1000,1000,1000,2.5,170.0,5.135798437050262,85.12940343620812,85.198661155598,-0.06925771938988134,0.06925771938988134,True,0.00258657787279742
gpr,1000,1000,1000,2.5,172.0,5.147494476813453,87.00372446792653,87.07587297600479,-0.07214850807825712,0.07214850807825712,True,0.0026000963116851366
gpr,1000,1000,1000,2.5,174.0,5.159055299214529,88.88295029874962,88.95807956779203,-0.07512926904240658,0.07512926904240658,True,0.0026117502731834827
gpr,1000,1000,1000,2.5,176.0,5.170483995038151,90.7667568497559,90.84505584183553,-0.0782989920796382,0.0782989920796382,True,0.002626413461666276
gpr,1000,1000,1000,2.5,178.0,5.181783550292085,92.65483023022671,92.73658760230983,-0.08175737208311773,0.08175737208311773,True,0.0026522016423197086
gpr,1000,1000,1000,2.5,180.0,5.19295685089021,94.54687188597927,94.63247100215085,-0.08559911617157923,0.08559911617157923,True,0.0027004899092060216
gpr,1000,1000,1000,2.5,182.0,5.204006687076795,96.44260334444493,96.53251202484005,-0.08990868039511213,0.08990868039511213,True,0.002785081227563431
gpr,1000,1000,1000,2.5,184.0,5.214935757608986,98.34177032780644,98.4365259914801,-0.09475566367365218,0.09475566367365218,True,0.002920312417542963
gpr,1000,1000,1000,2.5,186.0,5.225746673713202,100.24414605193033,100.34433709213475,-0.10019104020442171,0.10019104020442171,True,0.0031184218293060506
gpr,1000,1000,1000,2.5,188.0,5.236441962829949,102.14953357775244,102.2557779404162,-0.1062443626637588,0.1062443626637588,True,0.003387156554588843
gpr,1000,1000,1000,2.5,190.0,5.247024072160486,104.0577671313498,104.17068915031268,-0.11292201896287679,0.11292201896287679,True,0.0037286551413384167
gpr,1000,1000,1000,2.5,192.0,5.2574953720277815,105.96871235778872,106.08891893426971,-0.12020657648099586,0.12020657648099586,True,0.004139859158511925
gpr,1000,1000,1000,2.5,194.0,5.267858159063328,107.88226552046524,108.01032272156247,-0.12805720109723495,0.12805720109723495,True,0.004613840858907613
gpr,1000,1000,1000,2.5,196.0,5.278114659230517,109.7983517010444,109.93476279601867,-0.13641109497427806,0.13641109497427806,True,0.00514124249916552
gpr,1000,1000,1000,2.5,198.0,5.288267030694535,111.71692209381871,111.86210795218413,-0.14518585836542286,0.14518585836542286,True,0.005711377437012916
gpr,1000,1000,1000,2.5,200.0,5.298317366548036,113.63795052170275,113.79223316904567,-0.1542826473429244,0.1542826473429244,True,0.006312927727740562
gpr,1000,1000,1000,3.0,50.0,3.912023005428146,3.039786712950331,3.0306107744769046,0.00917593847342646,0.00917593847342646,False,0.004806881738695975
gpr,1000,1000,1000,3.0,52.0,3.9512437185814275,3.547392948781635,3.5418263537940256,0.0055665949876093634,0.0055665949876093634,False,0.003932542674639645
gpr,1000,1000,1000,3.0,54.0,3.9889840465642745,4.103399322173345,4.100288683275232,0.0031106388981134714,0.0031106388981134714,False,0.0032932301051470624
gpr,1000,1000,1000,3.0,56.0,4.02535169073515,4.708441625248497,4.706105426843794,0.002336198404703005,0.002336198404703005,False,0.0029869486585926697
gpr,1000,1000,1000,3.0,58.0,4.060443010546419,5.362534431615131,5.359148147931933,0.0033862836831985987,0.0033862836831985987,False,0.0028992142594601216
gpr,1000,1000,1000,3.0,60.0,4.0943445622221,6.065182794513248,6.059079201638003,0.006103592875245312,0.006103592875245312,False,0.0028533695495487283
gpr,1000,1000,1000,3.0,62.0,4.127134385045092,6.815526386193142,6.805377955869626,0.010148430323515534,0.010148430323515534,False,0.0027498130340858013
gpr,1000,1000,1000,3.0,64.0,4.1588830833596715,7.612463315071864,7.597365852464791,0.015097462607072565,0.015097462607072565,False,0.002587120636113196
gpr,1000,1000,1000,3.0,66.0,4.189654742026425,8.454732637283087,8.434229973422456,0.020502663860630932,0.020502663860630932,False,0.0024388932172663
gpr,1000,1000,1000,3.0,68.0,4.219507705176107,9.340963404208196,9.315044901477567,0.025918502730629456,0.025918502730629456,False,0.0024082192452244866
gpr,1000,1000,1000,3.0,70.0,4.248495242049359,10.269710108748995,10.238792761959017,0.030917346789978595,0.030917346789978595,False,0.002545823918484171
gpr,1000,1000,1000,3.0,72.0,4.276666119016055,11.239490248860193,11.204381407993734,0.03510884086645838,0.03510884086645838,False,0.0028000849722038
gpr,1000,1000,1000,3.0,74.0,4.30406509320417,12.2488281941786,12.210660767366491,0.03816742681210883,0.03816742681210883,False,0.003066265656830989
gpr,1000,1000,1000,3.0,76.0,4.330733340286331,13.296299541232997,13.256437410114058,0.039862131118939104,0.039862131118939104,False,0.0032544264190956674
gpr,1000,1000,1000,3.0,78.0,4.356708826689592,14.38056625460058,14.340487424234643,0.04007883036593718,0.04007883036593718,False,0.003315057669117737
gpr,1000,1000,1000,3.0,80.0,4.382026634673881,15.500395008032683,15.461567705327385,0.03882730270529855,0.03882730270529855,False,0.003239862548774348
gpr,1000,1000,1000,3.0,82.0,4.406719247264253,16.654656468452913,16.618425776739436,0.03623069171347737,0.03623069171347737,False,0.003056608796562967
gpr,1000,1000,1000,3.0,84.0,4.430816798843313,17.842308643132014,17.80980826170408,0.032500381427933434,0.032500381427933434,False,0.002822979468987708
gpr,1000,1000,1000,3.0,86.0,4.454347296253507,19.062370765641163,19.034468129494094,0.02790263614706845,0.02790263614706845,False,0.002616892772006348
gpr,1000,1000,1000,3.0,88.0,4.477336814478207,20.31389493793347,20.29117083497985,0.022724102953617376,0.022724102953617376,False,0.0025146183569068896
gpr,1000,1000,1000,3.0,90.0,4.499809670330265,21.595941406097268,21.578699466127226,0.017241939970041642,0.017241939970041642,False,0.0025540527168587714
gpr,1000,1000,1000,3.0,92.0,4.5217885770490405,22.907560959543616,22.89585900763492,0.011701951908694497,0.011701951908694497,False,0.002712977255035665
gpr,1000,1000,1000,3.0,94.0,4.543294782270004,24.24778549852192,24.24147982166782,0.006305676854100994,0.006305676854100994,False,0.0029317462862096843
gpr,1000,1000,1000,3.0,96.0,4.564348191467836,25.615625961917544,25.614420438934143,0.0012055229834011527,0.0012055229834011527,False,0.003151001930634058
gpr,1000,1000,1000,3.0,98.0,4.584967478670572,27.010075786342213,27.013569745493864,-0.0034939591516511825,0.0034939591516511825,False,0.0033298902720684536
gpr,1000,1000,1000,3.0,100.0,4.605170185988092,28.430117801824395,28.437848642920066,-0.007730841095671792,0.007730841095671792,False,0.0034472867966052635
gpr,1000,1000,1000,3.0,102.0,4.624972813284271,29.874732714969127,29.886211251924067,-0.0114785369549395,0.0114785369549395,True,0.003497660980830214
gpr,1000,1000,1000,3.0,104.0,4.6443908991413725,31.34290781257721,31.357645722413043,-0.014737909835833563,0.014737909835833563,True,0.003486796459373861
gpr,1000,1000,1000,3.0,106.0,4.663439094112067,32.83364502130337,32.85117470624857,-0.01752968494520246,0.01752968494520246,True,0.0034284346000031636
gpr,1000,1000,1000,3.0,108.0,4.68213122712422,34.34596785792428,34.36585554275537,-0.01988768483109027,0.01988768483109027,True,0.0033416236413067787
gpr,1000,1000,1000,3.0,110.0,4.700480365792417,35.878927063023866,35.90078020130359,-0.021853138279723794,0.021853138279723794,True,0.0032482182875890955
gpr,1000,1000,1000,3.0,112.0,4.718498871295094,37.43160484985469,37.4550750200628,-0.023470170208106822,0.023470170208106822,True,0.0031699310461529395
gpr,1000,1000,1000,3.0,114.0,4.736198448394496,39.00311776645867,39.02790027528016,-0.024782508821488136,0.024782508821488136,True,0.0031246698404041066
gpr,1000,1000,1000,3.0,116.0,4.7535901911063645,40.592618209832835,40.618449611152684,-0.025831401319848624,0.025831401319848624,True,0.0031227762945407085
gpr,1000,1000,1000,3.0,118.0,4.770684624465665,42.1992946769617,42.225949356520545,-0.026654679558845373,0.026654679558845373,True,0.0031647264082349273
gpr,1000,1000,1000,3.0,120.0,4.787491742782046,43.822370899430325,43.849657751163534,-0.02728685173320855,0.02728685173320855,True,0.003241670847578057
gpr,1000,1000,1000,3.0,122.0,4.804021044733257,45.46110408040681,45.48886410142371,-0.027760021016895564,0.027760021016895564,True,0.0033385745907592674
gpr,1000,1000,1000,3.0,124.0,4.820281565605037,47.114782519096025,47.142887882151065,-0.0281053630550403,0.0281053630550403,True,0.003438263779259711
gpr,1000,1000,1000,3.0,126.0,4.836281906951478,48.78272295152192,48.81107779956747,-0.028354848045552217,0.028354848045552217,True,0.0035247667729667856
gpr,1000,1000,1000,3.0,128.0,4.852030263919617,50.46426794471927,50.49281082751558,-0.02854288279630879,0.02854288279630879,True,0.003585349453726395
gpr,1000,1000,1000,3.0,130.0,4.867534450455582,52.158783649166025,52.18749122769405,-0.028707578528027966,0.028707578528027966,True,0.003611422390982459
gpr,1000,1000,1000,3.0,132.0,4.882801922586371,53.86565814563778,53.89454956284179,-0.028891417204008008,0.028891417204008008,True,0.0035987165517224447
gpr,1000,1000,1000,3.0,134.0,4.897839799950911,55.58430052738072,55.61344171039985,-0.029141183019127936,0.029141183019127936,True,0.0035470430501696086
gpr,1000,1000,1000,3.0,136.0,4.912654885736052,57.3141407516091,57.343647882929595,-0.029507131320492874,0.029507131320492874,True,0.003459819717576344
gpr,1000,1000,1000,3.0,138.0,4.927253685157205,59.054630191041724,59.084671660478016,-0.03004146943629138,0.03004146943629138,True,0.0033434524115883222
gpr,1000,1000,1000,3.0,140.0,4.941642422609304,60.80524272981529,60.83603903913771,-0.030796309322418836,0.030796309322418836,True,0.003206605277715546
gpr,1000,1000,1000,3.0,142.0,4.955827057601261,62.565476188698085,62.597297499231786,-0.03182131053370085,0.03182131053370085,True,0.0030593661696978014
gpr,1000,1000,1000,3.0,144.0,4.969813299576001,64.33485383652578,64.36801509584836,-0.03316125932258274,0.03316125932258274,True,0.0029123039343379353
gpr,1000,1000,1000,3.0,146.0,4.983606621708336,66.11292574865729,66.14777957384908,-0.0348538251917887,0.0348538251917887,True,0.0027754304800321717
gpr,1000,1000,1000,3.0,148.0,4.997212273764115,67.89926980450309,67.93619750894966,-0.03692770444656901,0.03692770444656901,True,0.002657137248799627
gpr,1000,1000,1000,3.0,150.0,5.0106352940962555,69.69349216839191,69.73289347603472,-0.03940130764280525,0.03940130764280525,True,0.002563271595863531
gpr,1000,1000,1000,3.0,152.0,5.0238805208462765,71.49522716201545,71.53750924548764,-0.04228208347218754,0.04228208347218754,True,0.0024966004192124593
gpr,1000,1000,1000,3.0,154.0,5.0369526024136295,73.30413650434093,73.34970300800201,-0.04556650366107817,0.04556650366107817,True,0.002456875468278998
gpr,1000,1000,1000,3.0,156.0,5.049856007249537,75.11990795775682,75.16914862806966,-0.04924067031284096,0.04924067031284096,True,0.002441514464351771
gpr,1000,1000,1000,3.0,158.0,5.062595033026967,76.94225347142765,76.99553492611966,-0.053281454692012176,0.053281454692012176,True,0.002446647951348952
gpr,1000,1000,1000,3.0,160.0,5.075173815233827,78.77090695029983,78.82856498909341,-0.05765803879357634,0.05765803879357634,True,0.002468148102132584
gpr,1000,1000,1000,3.0,162.0,5.087596335232384,80.60562179860608,80.66795550909144,-0.06233371048536185,0.06233371048536185,True,0.0025023371482790387
gpr,1000,1000,1000,3.0,164.0,5.099866427824199,82.44616839096443,82.51343614960031,-0.06726775863587875,0.06726775863587875,True,0.0025462732289002624
gpr,1000,1000,1000,3.0,166.0,5.111987788356544,84.29233161328966,84.36474893870871,-0.07241732541905321,0.07241732541905321,True,0.0025976860062661726
gpr,1000,1000,1000,3.0,168.0,5.123963979403259,86.14390859343894,86.22164768864444,-0.07773909520550148,0.07773909520550148,True,0.002654716128152026
gpr,1000,1000,1000,3.0,170.0,5.135798437050262,88.00070671115327,88.08389744090059,-0.08319072974731512,0.08319072974731512,True,0.0027156135899508503
gpr,1000,1000,1000,3.0,172.0,5.147494476813453,89.86254194262438,89.95127393617294,-0.08873199354856354,0.08873199354856354,True,0.002778506779010041
gpr,1000,1000,1000,3.0,174.0,5.159055299214529,91.72923756035652,91.82356310830413,-0.09432554794760506,0.09432554794760506,True,0.002841297134657569
gpr,1000,1000,1000,3.0,176.0,5.170483995038151,93.60062317754546,93.70056060139872,-0.09993742385326243,0.09993742385326243,True,0.002901683060396115
gpr,1000,1000,1000,3.0,178.0,5.181783550292085,95.47653409976147,95.582071309271,-0.10553720950953505,0.10553720950953505,True,0.0029572818729541096
gpr,1000,1000,1000,3.0,180.0,5.19295685089021,97.35681092762206,97.46790893637487,-0.11109800875280484,0.11109800875280484,True,0.0030058033020064407
gpr,1000,1000,1000,3.0,182.0,5.204006687076795,99.24129934235907,99.35789557937396,-0.11659623701488897,0.11659623701488897,True,0.0030452293773118137
gpr,1000,1000,1000,3.0,184.0,5.214935757608986,101.1298500024559,101.25186132851248,-0.1220113260565796,0.1220113260565796,True,0.003073966484645652
gpr,1000,1000,1000,3.0,186.0,5.225746673713202,103.02231848216252,103.14964388796139,-0.12732540579887086,0.12732540579887086,True,0.0030909493974667647
gpr,1000,1000,1000,3.0,188.0,5.236441962829949,104.91856519186558,105.0510882143314,-0.13252302246581849,0.13252302246581849,True,0.0030956896370754492
gpr,1000,1000,1000,3.0,190.0,5.247024072160486,106.81845523293669,106.95604617255955,-0.13759093962286784,0.13759093962286784,True,0.003088269741904206
gpr,1000,1000,1000,3.0,192.0,5.2574953720277815,108.72185815555872,108.8643762083985,-0.14251805283977603,0.14251805283977603,True,0.0030692907887280405
gpr,1000,1000,1000,3.0,194.0,5.267858159063328,110.62864760454704,110.77594303676027,-0.14729543221322672,0.14729543221322672,True,0.003039783745740541
gpr,1000,1000,1000,3.0,196.0,5.278114659230517,112.53870085455173,112.69061734518853,-0.15191649063679336,0.15191649063679336,True,0.003001096608095622
gpr,1000,1000,1000,3.0,198.0,5.288267030694535,114.45189825028274,114.60827551175939,-0.1563772614766492,0.1563772614766492,True,0.0029547696845121565
gpr,1000,1000,1000,3.0,200.0,5.298317366548036,116.36812257947622,116.52879933673239,-0.16067675725616937,0.16067675725616937,True,0.0029024110544045487
