method,n_paths,remaining_maturity,S0,x0,prediction,reference_series,spread,abs_error,is_itm,mc_standard_error
mc,5000,0.5,50.0,3.912023005428146,0.004271888957955873,0.013523906733138875,-0.009252017775183002,0.009252017775183002,False,0.0022979683432910857
mc,5000,0.5,52.0,3.9512437185814275,0.013394439567122041,0.020914682535813404,-0.007520242968691363,0.007520242968691363,False,0.005299034505724533
mc,5000,0.5,54.0,3.9889840465642745,0.03874904856601023,0.03170930001245851,0.007039748553551724,0.007039748553551724,False,0.0138719072655897
mc,5000,0.5,56.0,4.02535169073515,0.059454718753927924,0.04723677082791177,0.012217947926016152,0.012217947926016152,False,0.01736058708872789
mc,5000,0.5,58.0,4.060443010546419,0.08647298548084972,0.06926561187038087,0.017207373610468854,0.017207373610468854,False,0.01874769108017244
mc,5000,0.5,60.0,4.0943445622221,0.10383842431171311,0.10010756621723993,0.003730858094473183,0.003730858094473183,False,0.022409139447827527
mc,5000,0.5,62.0,4.127134385045092,0.1639600572106656,0.14271733160834205,0.021242725602323542,0.021242725602323542,False,0.026299870888792327
mc,5000,0.5,64.0,4.1588830833596715,0.21632904083585008,0.20077302602297126,0.015556014812878827,0.015556014812878827,False,0.028203678222499463
mc,5000,0.5,66.0,4.189654742026425,0.25560925580006444,0.27872084214185555,-0.023111586341791113,0.023111586341791113,False,0.03333639673512203
mc,5000,0.5,68.0,4.219507705176107,0.395195860190296,0.3817691329356478,0.013426727254648219,0.013426727254648219,False,0.0415626282064534
mc,5000,0.5,70.0,4.248495242049359,0.4705440750673758,0.5158219846795502,-0.04527790961217443,0.04527790961217443,False,0.044831816760084534
mc,5000,0.5,72.0,4.276666119016055,0.7205722373820919,0.687349387767762,0.033222849614329863,0.033222849614329863,False,0.05342215266404375
mc,5000,0.5,74.0,4.30406509320417,0.9482106028234931,0.9031991120799997,0.04501149074349342,0.04501149074349342,False,0.06639793236589313
mc,5000,0.5,76.0,4.330733340286331,1.225684299809672,1.1703628686384178,0.05532143117125421,0.05532143117125421,False,0.0721104550527218
mc,5000,0.5,78.0,4.356708826689592,1.4891724271076088,1.4957150159125663,-0.006542588804957505,0.006542588804957505,False,0.08459925471404198
mc,5000,0.5,80.0,4.382026634673881,1.9507134584421004,1.8857451161951004,0.06496834224699999,0.06496834224699999,False,0.09520088263602573
mc,5000,0.5,82.0,4.406719247264253,2.4063364673958936,2.346305794073656,0.06003067332223777,0.06003067332223777,False,0.1105094750618298
mc,5000,0.5,84.0,4.430816798843313,2.8333229968645686,2.882394854627803,-0.049071857763234306,0.049071857763234306,False,0.1105395003685315
mc,5000,0.5,86.0,4.454347296253507,3.6366455347510533,3.4979861370878464,0.1386593976632069,0.1386593976632069,False,0.12874134039209162
mc,5000,0.5,88.0,4.477336814478207,4.422379168240146,4.195917970078078,0.22646119816206767,0.22646119816206767,False,0.14031921728849545
mc,5000,0.5,90.0,4.499809670330265,5.20391283085483,4.977842236848975,0.22607059400585516,0.22607059400585516,False,0.15374375216326677
mc,5000,0.5,92.0,4.5217885770490405,5.607712480588568,5.844231705409953,-0.236519224821385,0.236519224821385,False,0.1605472704495542
mc,5000,0.5,94.0,4.543294782270004,6.754956769484101,6.794438965023309,-0.03948219553920751,0.03948219553920751,False,0.18185087269806924
mc,5000,0.5,96.0,4.564348191467836,8.0894526661634,7.826797326145707,0.26265534001769275,0.26265534001769275,False,0.19701726294504557
mc,5000,0.5,98.0,4.584967478670572,8.835075319637786,8.938752445410538,-0.10367712577275157,0.10367712577275157,False,0.20583279429456125
mc,5000,0.5,100.0,4.605170185988092,10.338658475966259,10.127013109764437,0.21164536620182162,0.21164536620182162,False,0.22479240132840042
mc,5000,0.5,102.0,4.624972813284271,11.296281198573496,11.387710315059412,-0.09142911648591578,0.09142911648591578,True,0.230723317307686
mc,5000,0.5,104.0,4.6443908991413725,12.33082970873199,12.716555208159466,-0.38572549942747614,0.38572549942747614,True,0.233911820483958
mc,5000,0.5,106.0,4.663439094112067,14.353376998087871,14.108988326882425,0.24438867120544572,0.24438867120544572,True,0.26056144453376123
mc,5000,0.5,108.0,4.68213122712422,16.05887368009028,15.560314600025473,0.49855908006480654,0.49855908006480654,True,0.27066517709211213
mc,5000,0.5,110.0,4.700480365792417,16.949365709253332,17.065820545558744,-0.11645483630541165,0.11645483630541165,True,0.2769995810986338
mc,5000,0.5,112.0,4.718498871295094,18.90617497342476,18.620871876572654,0.28530309685210753,0.28530309685210753,True,0.2977603535284719
mc,5000,0.5,114.0,4.736198448394496,20.36220940344273,20.220991200200825,0.14121820324190537,0.14121820324190537,True,0.3036251470888083
mc,5000,0.5,116.0,4.7535901911063645,22.478388112895978,21.86191663534854,0.6164714775474387,0.6164714775474387,True,0.32030052847634793
mc,5000,0.5,118.0,4.770684624465665,24.045760565367278,23.539642982142908,0.5061175832243698,0.5061175832243698,True,0.3291912944133193
mc,5000,0.5,120.0,4.787491742782046,25.366058439662588,25.250447579292373,0.1156108603702144,0.1156108603702144,True,0.3409575577610248
mc,5000,0.5,122.0,4.804021044733257,26.50874702559734,26.990903231488726,-0.4821562058913855,0.4821562058913855,True,0.3405538929279506
mc,5000,0.5,124.0,4.820281565605037,28.986737285027573,28.757880631334253,0.2288566536933203,0.2288566536933203,True,0.36045726383866694
mc,5000,0.5,126.0,4.836281906951478,30.49728873727502,30.5485425929669,-0.051253855691879124,0.051253855691879124,True,0.3670555193843002
mc,5000,0.5,128.0,4.852030263919617,32.27829296683672,32.36033220688671,-0.08203924004998697,0.08203924004998697,True,0.3745591024582837
mc,5000,0.5,130.0,4.867534450455582,34.405955076370155,34.19095675944178,0.2149983169283729,0.2149983169283729,True,0.3867707868490711
mc,5000,0.5,132.0,4.882801922586371,36.168972705977424,36.03836896948439,0.13060373649303614,0.13060373649303614,True,0.399123823196804
mc,5000,0.5,134.0,4.897839799950911,38.336484577550124,37.90074680387911,0.43573777367101485,0.43573777367101485,True,0.4035390300212763
mc,5000,0.5,136.0,4.912654885736052,39.22077963557095,39.776472860137446,-0.5556932245664967,0.5556932245664967,True,0.40880906104498044
mc,5000,0.5,138.0,4.927253685157205,41.75882149775242,41.66411405924076,0.09470743851166219,0.09470743851166219,True,0.41697420740661656
mc,5000,0.5,140.0,4.941642422609304,42.98876877223171,43.5624021802559,-0.5736334080241932,0.5736334080241932,True,0.4168408113064087
mc,5000,0.5,142.0,4.955827057601261,45.69749220411602,45.47021559228258,0.22727661183343884,0.22727661183343884,True,0.4377712699707885
mc,5000,0.5,144.0,4.969813299576001,47.466304072643695,47.38656239751086,0.07974167513283703,0.07974167513283703,True,0.44323212260191996
mc,5000,0.5,146.0,4.983606621708336,49.51407558237035,49.31056508885026,0.20351049352009198,0.20351049352009198,True,0.45041608093389873
mc,5000,0.5,148.0,4.997212273764115,50.54574585812101,51.24144674286675,-0.6957008847457402,0.6957008847457402,True,0.45636180530680914
mc,5000,0.5,150.0,5.0106352940962555,53.736894380191345,53.17851870941327,0.5583756707780765,0.5583756707780765,True,0.4766699501988743
mc,5000,0.5,152.0,5.0238805208462765,54.97734528953233,55.1211697191142,-0.14382442958186914,0.14382442958186914,True,0.4862819082410316
mc,5000,0.5,154.0,5.0369526024136295,56.49358444981216,57.06885630483131,-0.575271855019146,0.575271855019146,True,0.47332833413408215
mc,5000,0.5,156.0,5.049856007249537,59.13697263076769,59.021094419876334,0.11587821089135275,0.11587821089135275,True,0.4930249497607716
mc,5000,0.5,158.0,5.062595033026967,60.56852946363703,60.977452131034354,-0.4089226673973272,0.4089226673973272,True,0.4941257740627267
mc,5000,0.5,160.0,5.075173815233827,63.06425677942014,62.93754326592785,0.12671351349229099,0.12671351349229099,True,0.503516013100781
mc,5000,0.5,162.0,5.087596335232384,64.59581535990601,64.90102189988457,-0.3052065399785562,0.3052065399785562,True,0.5115487887160178
mc,5000,0.5,164.0,5.099866427824199,67.08079471986187,66.8675775756962,0.21321714416566806,0.21321714416566806,True,0.5212150662819417
mc,5000,0.5,166.0,5.111987788356544,68.46384239336312,68.83693115930424,-0.3730887659411195,0.3730887659411195,True,0.5215312925725516
mc,5000,0.5,168.0,5.123963979403259,71.02439467146412,70.80883124464373,0.21556342682039542,0.21556342682039542,True,0.545859343395101
mc,5000,0.5,170.0,5.135798437050262,73.5482719160271,72.78305103101533,0.7652208850117717,0.7652208850117717,True,0.5402658060064106
mc,5000,0.5,172.0,5.147494476813453,74.47996710728513,74.75938560603612,-0.2794184987509851,0.2794184987509851,True,0.5521274500826395
mc,5000,0.5,174.0,5.159055299214529,76.9139607189871,76.73764957619125,0.17631114279585347,0.17631114279585347,True,0.5724422095609463
mc,5000,0.5,176.0,5.170483995038151,77.76388512735727,78.71767499513054,-0.953789867773267,0.953789867773267,True,0.5644363178640857
mc,5000,0.5,178.0,5.181783550292085,80.99252252653501,80.69930954709343,0.2932129794415772,0.2932129794415772,True,0.5729733685277003
mc,5000,0.5,180.0,5.19295685089021,81.98056886621595,82.6824149491827,-0.7018460829667532,0.7018460829667532,True,0.5742298309539888
mc,5000,0.5,182.0,5.204006687076795,84.5405714802083,84.66686554171581,-0.1262940615075081,0.1262940615075081,True,0.5884413576140656
mc,5000,0.5,184.0,5.214935757608986,87.17102047013387,86.65254704060229,0.518473429531582,0.518473429531582,True,0.6094437910452031
mc,5000,0.5,186.0,5.225746673713202,88.31178558787401,88.63935542971824,-0.3275698418442232,0.3275698418442232,True,0.5996513594742385
mc,5000,0.5,188.0,5.236441962829949,90.23796442536475,90.62719597465701,-0.389231549292262,0.389231549292262,True,0.5989426346045974
mc,5000,0.5,190.0,5.247024072160486,91.94313221124038,92.61598234209876,-0.6728501308583787,0.6728501308583787,True,0.6012082297714804
mc,5000,0.5,192.0,5.2574953720277815,94.3779825188706,94.60563581144287,-0.22765329257227052,0.22765329257227052,True,0.6123071159110441
mc,5000,0.5,194.0,5.267858159063328,95.72825111723782,96.59608456736095,-0.8678334501231291,0.8678334501231291,True,0.6095925039773822
mc,5000,0.5,196.0,5.278114659230517,98.59917559989833,98.58726306359765,0.011912536300684451,0.011912536300684451,True,0.634553829822274
mc,5000,0.5,198.0,5.288267030694535,100.57541611775784,100.57911144974983,-0.0036953319919916794,0.0036953319919916794,True,0.6381343919091007
mc,5000,0.5,200.0,5.298317366548036,102.64490518311563,102.5715750539136,0.07333012920202009,0.07333012920202009,True,0.6456096392403695
mc,5000,1.0,50.0,3.912023005428146,0.1550049158829143,0.1634110378270394,-0.0084061219441251,0.0084061219441251,False,0.026237000161327934
mc,5000,1.0,52.0,3.9512437185814275,0.27634031225296257,0.22837888724870267,0.0479614250042599,0.0479614250042599,False,0.04461971395122474
mc,5000,1.0,54.0,3.9889840465642745,0.3131967583114975,0.31297391312589046,0.0002228451856070568,0.0002228451856070568,False,0.04678099145157546
mc,5000,1.0,56.0,4.02535169073515,0.37155885656767235,0.4210806673500947,-0.04952181078242235,0.04952181078242235,False,0.04655718334560614
mc,5000,1.0,58.0,4.060443010546419,0.5674177835891739,0.5568193567981432,0.010598426791030735,0.010598426791030735,False,0.06047571355532429
mc,5000,1.0,60.0,4.0943445622221,0.6822263969513804,0.724452082421889,-0.042225685470508534,0.042225685470508534,False,0.06503944574231557
mc,5000,1.0,62.0,4.127134385045092,0.917496004409841,0.9282793518803522,-0.010783347470511129,0.010783347470511129,False,0.07403429084716388
mc,5000,1.0,64.0,4.1588830833596715,1.1394413969180144,1.1725330408067594,-0.03309164388874497,0.03309164388874497,False,0.0865058338011207
mc,5000,1.0,66.0,4.189654742026425,1.5348652334129627,1.46127187152099,0.07359336189197263,0.07359336189197263,False,0.09569139869622238
mc,5000,1.0,68.0,4.219507705176107,1.763518010499472,1.7982848389180548,-0.034766828418582696,0.034766828418582696,False,0.10419290788329917
mc,5000,1.0,70.0,4.248495242049359,2.1778831554710005,2.1870069899911195,-0.009123834520119,0.009123834520119,False,0.11846345774395521
mc,5000,1.0,72.0,4.276666119016055,2.470846902619953,2.6304507209613806,-0.15960381834142767,0.15960381834142767,False,0.12825845175713402
mc,5000,1.0,74.0,4.30406509320417,3.30236797054356,3.1311544498842157,0.17121352065934436,0.17121352065934436,False,0.15066390226016277
mc,5000,1.0,76.0,4.330733340286331,3.413585843336489,3.691149281831378,-0.27756343849488907,0.27756343849488907,False,0.14762619247629077
mc,5000,1.0,78.0,4.356708826689592,4.323384415379834,4.3119432019140325,0.011441213465801958,0.011441213465801958,False,0.17476111137038358
mc,5000,1.0,80.0,4.382026634673881,4.791105842037083,4.994521465211142,-0.2034156231740596,0.2034156231740596,False,0.18094244891203065
mc,5000,1.0,82.0,4.406719247264253,5.574233610430582,5.739361225436797,-0.16512761500621487,0.16512761500621487,False,0.19049119707090495
mc,5000,1.0,84.0,4.430816798843313,6.390306467465778,6.546458052372895,-0.1561515849071169,0.1561515849071169,False,0.20361418126214195
mc,5000,1.0,86.0,4.454347296253507,7.8485103301767145,7.41536180893018,0.4331485212465349,0.4331485212465349,False,0.24180028077639332
mc,5000,1.0,88.0,4.477336814478207,8.844734048234656,8.345219357611029,0.4995146906236272,0.4995146906236272,False,0.2561960251420985
mc,5000,1.0,90.0,4.499809670330265,9.297498045988343,9.334821703223547,-0.03732365723520381,0.03732365723520381,False,0.25374323302342133
mc,5000,1.0,92.0,4.5217885770490405,10.02664584928456,10.382653413693644,-0.35600756440908476,0.35600756440908476,False,0.26342275916420604
mc,5000,1.0,94.0,4.543294782270004,10.990515857905498,11.486942456675983,-0.49642659877048523,0.49642659877048523,False,0.27878792168560185
mc,5000,1.0,96.0,4.564348191467836,12.536158722374509,12.645708914629552,-0.10955019225504259,0.10955019225504259,False,0.29494498916869827
mc,5000,1.0,98.0,4.584967478670572,13.723325710389286,13.85681136964136,-0.13348565925207367,0.13348565925207367,False,0.3257795163511027
mc,5000,1.0,100.0,4.605170185988092,14.798244735712066,15.117990062545347,-0.3197453268332815,0.3197453268332815,False,0.3284197886682194
mc,5000,1.0,102.0,4.624972813284271,16.546533334033256,16.426906215761704,0.11962711827155204,0.11962711827155204,True,0.3562455300568032
mc,5000,1.0,104.0,4.6443908991413725,17.51463421649076,17.781177157935474,-0.26654294144471535,0.26654294144471535,True,0.36701246020521927
mc,5000,1.0,106.0,4.663439094112067,19.453999873419882,19.178407097272355,0.2755927761475263,0.2755927761475263,True,0.37841749479259973
mc,5000,1.0,108.0,4.68213122712422,20.297494445520673,20.616213559093275,-0.31871911357260174,0.31871911357260174,True,0.38473664252029427
mc,5000,1.0,110.0,4.700480365792417,22.67953219916286,22.092249633516513,0.5872825656463476,0.5872825656463476,True,0.42633359087389733
mc,5000,1.0,112.0,4.718498871295094,23.97446654851531,23.604222274832683,0.37024427368262636,0.37024427368262636,True,0.42565713062770083
mc,5000,1.0,114.0,4.736198448394496,24.32676118724831,25.149906959428957,-0.8231457721806485,0.8231457721806485,True,0.4242410556118264
mc,5000,1.0,116.0,4.7535901911063645,26.440980524777586,26.727159048781232,-0.2861785240036454,0.2861785240036454,True,0.4436946482872607
mc,5000,1.0,118.0,4.770684624465665,27.950322720271267,28.333922222794314,-0.3835995025230474,0.3835995025230474,True,0.4661859582386267
mc,5000,1.0,120.0,4.787491742782046,29.643873716179346,29.968234351066304,-0.32436063488695765,0.32436063488695765,True,0.4757471626194717
mc,5000,1.0,122.0,4.804021044733257,31.47010962909163,31.628231159520634,-0.15812153042900334,0.15812153042900334,True,0.49427561094737926
mc,5000,1.0,124.0,4.820281565605037,33.6905239349347,33.312148030760774,0.37837590417392875,0.37837590417392875,True,0.5069299827194952
mc,5000,1.0,126.0,4.836281906951478,35.4475178953254,35.01832025142874,0.42919764389665715,0.42919764389665715,True,0.521935087203621
mc,5000,1.0,128.0,4.852030263919617,36.93133021463435,36.74518199117959,0.186148223454758,0.186148223454758,True,0.5327360548620803
mc,5000,1.0,130.0,4.867534450455582,39.26876385772857,38.491264267545375,0.7774995901831971,0.7774995901831971,True,0.5506677900079676
mc,5000,1.0,132.0,4.882801922586371,40.68042339006434,40.25519212041186,0.42523126965247826,0.42523126965247826,True,0.5525582415014895
mc,5000,1.0,134.0,4.897839799950911,41.89161367003812,42.035681190148146,-0.14406752011002766,0.14406752011002766,True,0.558555269002842
mc,5000,1.0,136.0,4.912654885736052,44.34471091167921,43.831533865373174,0.5131770463060334,0.5131770463060334,True,0.5804835668320198
mc,5000,1.0,138.0,4.927253685157205,45.67088013786174,45.64163514039854,0.029244997463194977,0.029244997463194977,True,0.600726574583579
mc,5000,1.0,140.0,4.941642422609304,48.17347835513113,47.464948298843645,0.7085300562874863,0.7085300562874863,True,0.606172094499103
mc,5000,1.0,142.0,4.955827057601261,48.91886764581208,49.300510518888046,-0.3816428730759682,0.3816428730759682,True,0.6171394130150404
mc,5000,1.0,144.0,4.969813299576001,51.61704460881675,51.14742847710924,0.46961613170751093,0.46961613170751093,True,0.6420370847651299
mc,5000,1.0,146.0,4.983606621708336,51.68687632534761,53.00487401177295,-1.3179976864253362,1.3179976864253362,True,0.6253146200476389
mc,5000,1.0,148.0,4.997212273764115,54.90438583810453,54.87207989262816,0.032305945476373665,0.032305945476373665,True,0.6509339362787828
mc,5000,1.0,150.0,5.0106352940962555,57.27945015220258,56.7483357325589,0.5311144196436786,0.5311144196436786,True,0.660326453993472
mc,5000,1.0,152.0,5.0238805208462765,58.295539691762954,58.63298406662994,-0.3374443748669833,0.3374443748669833,True,0.6600572957966835
mc,5000,1.0,154.0,5.0369526024136295,60.74575520161411,60.52541661594325,0.2203385856708593,0.2203385856708593,True,0.690075166962823
mc,5000,1.0,156.0,5.049856007249537,61.32976065505864,62.42507074708173,-1.095310092023091,1.095310092023091,True,0.6824160156857552
mc,5000,1.0,158.0,5.062595033026967,64.96375991178006,64.33142613256601,0.6323337792140507,0.6323337792140507,True,0.6989400926027167
mc,5000,1.0,160.0,5.075173815233827,66.55591522486812,66.24400161349901,0.311913611369107,0.311913611369107,True,0.728260585310827
mc,5000,1.0,162.0,5.087596335232384,68.82632567288447,68.16235226226517,0.6639734106192918,0.6639734106192918,True,0.7373422184033467
mc,5000,1.0,164.0,5.099866427824199,68.338265176039,70.08606664062279,-1.7478014645837874,1.7478014645837874,True,0.7363378021158126
mc,5000,1.0,166.0,5.111987788356544,72.26001983666687,72.01476424666058,0.2452555900062947,0.2452555900062947,True,0.7562625649366637
mc,5000,1.0,168.0,5.123963979403259,75.14198321520084,73.94809314275734,1.1938900724434944,1.1938900724434944,True,0.7599948525956771
mc,5000,1.0,170.0,5.135798437050262,76.20322907065218,75.88572775578653,0.3175013148656518,0.3175013148656518,True,0.7618192313124086
mc,5000,1.0,172.0,5.147494476813453,76.89127104959024,77.82736684026604,-0.9360957906757932,0.9360957906757932,True,0.7927615642899294
mc,5000,1.0,174.0,5.159055299214529,80.70312707492236,79.77273159489253,0.93039548002983,0.93039548002983,True,0.7831475112754195
mc,5000,1.0,176.0,5.170483995038151,82.65131916867915,81.7215639228451,0.9297552458340448,0.9297552458340448,True,0.8017176135040645
mc,5000,1.0,178.0,5.181783550292085,84.41635293745097,83.673624826373,0.742728111077966,0.742728111077966,True,0.8147583223421615
mc,5000,1.0,180.0,5.19295685089021,84.99603438508713,85.62869292641655,-0.6326585413294197,0.6326585413294197,True,0.8263695828923409
mc,5000,1.0,182.0,5.204006687076795,86.71272877921744,87.58656309835582,-0.8738343191383819,0.8738343191383819,True,0.8223019797949827
mc,5000,1.0,184.0,5.214935757608986,90.08112561536278,89.54704521536969,0.534080399993087,0.534080399993087,True,0.8340445803760129
mc,5000,1.0,186.0,5.225746673713202,89.51239291485338,91.50996299133207,-1.997570076478695,1.997570076478695,True,0.8435399546921576
mc,5000,1.0,188.0,5.236441962829949,92.63653145205464,93.47515291563319,-0.8386214635785478,0.8386214635785478,True,0.8579002862580283
mc,5000,1.0,190.0,5.247024072160486,94.8496710255548,95.44246327278175,-0.5927922472269529,0.5927922472269529,True,0.8734710254785948
mc,5000,1.0,192.0,5.2574953720277815,97.79619491935993,97.41175324011412,0.3844416792458105,0.3844416792458105,True,0.8873678905868888
mc,5000,1.0,194.0,5.267858159063328,99.72867069427672,99.38289205740084,0.3457786368758775,0.3457786368758775,True,0.8908401625315968
mc,5000,1.0,196.0,5.278114659230517,101.1957293427731,101.35575826258274,-0.1600289198096334,0.1600289198096334,True,0.9051744890445816
mc,5000,1.0,198.0,5.288267030694535,103.25554651143753,103.33023898829941,-0.07469247686188396,0.07469247686188396,True,0.9099048620728957
mc,5000,1.0,200.0,5.298317366548036,105.06219793605004,105.30622931427729,-0.2440313782272483,0.2440313782272483,True,0.9293352029760883
mc,5000,1.5,50.0,3.912023005428146,0.5817720484670744,0.5887733428240653,-0.007001294356990928,0.007001294356990928,False,0.06124405371067986
mc,5000,1.5,52.0,3.9512437185814275,0.7159261007873716,0.7614064106834673,-0.04548030989609564,0.04548030989609564,False,0.06543711048834466
mc,5000,1.5,54.0,3.9889840465642745,0.9600961375284147,0.968632146781214,-0.008536009252799293,0.008536009252799293,False,0.08271333467563359
mc,5000,1.5,56.0,4.02535169073515,1.2460283948089717,1.2138170518288447,0.032211342980126956,0.032211342980126956,False,0.09292976238284212
mc,5000,1.5,58.0,4.060443010546419,1.4361047164678316,1.5001053489181926,-0.06400063245036103,0.06400063245036103,False,0.09665694335278943
mc,5000,1.5,60.0,4.0943445622221,1.8918466579884008,1.830363575811897,0.06148308217650378,0.06148308217650378,False,0.12725058317012242
mc,5000,1.5,62.0,4.127134385045092,2.1900615436081323,2.2071370865754125,-0.0170755429672802,0.0170755429672802,False,0.1371696231362015
mc,5000,1.5,64.0,4.1588830833596715,2.541170822325317,2.632618819032136,-0.09144799670681891,0.09144799670681891,False,0.14078741520899196
mc,5000,1.5,66.0,4.189654742026425,2.927624653452257,3.1086300094229107,-0.1810053559706537,0.1810053559706537,False,0.15043638279523652
mc,5000,1.5,68.0,4.219507705176107,3.7394256074387346,3.6366120142382274,0.1028135932005072,0.1028135932005072,False,0.17645024244063212
mc,5000,1.5,70.0,4.248495242049359,4.058757664719218,4.2176280326425015,-0.15887036792328324,0.15887036792328324,False,0.1783248107771836
mc,5000,1.5,72.0,4.276666119016055,4.69921969731223,4.852373299264322,-0.15315360195209138,0.15315360195209138,False,0.1917094513511115
mc,5000,1.5,74.0,4.30406509320417,5.163359458859099,5.541192216424054,-0.3778327575649554,0.3778327575649554,False,0.2045103572159551
mc,5000,1.5,76.0,4.330733340286331,5.892013480341713,6.284100893383053,-0.39208741304134076,0.39208741304134076,False,0.22835863159729727
mc,5000,1.5,78.0,4.356708826689592,7.26683884837605,7.08081363361126,0.18602521476478984,0.18602521476478984,False,0.2564818735450596
mc,5000,1.5,80.0,4.382026634673881,7.5185656230847195,7.930772036639782,-0.4122064135550625,0.4122064135550625,False,0.25646183958673074
mc,5000,1.5,82.0,4.406719247264253,8.452814551322922,8.833175538925051,-0.38036098760212944,0.38036098760212944,False,0.26743146680696817
mc,5000,1.5,84.0,4.430816798843313,9.169630337526215,9.787012391901422,-0.6173820543752075,0.6173820543752075,False,0.2894757716753983
mc,5000,1.5,86.0,4.454347296253507,10.99856389612502,10.7910902522436,0.20747364388141953,0.20747364388141953,False,0.32026941773504536
mc,5000,1.5,88.0,4.477336814478207,11.818603171309787,11.844065729869865,-0.025462558560077397,0.025462558560077397,False,0.32538326119992644
mc,5000,1.5,90.0,4.499809670330265,12.315146688506578,12.944472396949896,-0.6293257084433179,0.6293257084433179,False,0.3363605766658895
mc,5000,1.5,92.0,4.5217885770490405,14.169715927404154,14.090746902171142,0.07896902523301108,0.07896902523301108,False,0.3713578827929329
mc,5000,1.5,94.0,4.543294782270004,15.316123493593693,15.281252956777017,0.03487053681667618,0.03487053681667618,False,0.38739731799497806
mc,5000,1.5,96.0,4.564348191467836,16.16656312832468,16.514303061935667,-0.3477399336109883,0.3477399336109883,False,0.3929133180283169
mc,5000,1.5,98.0,4.584967478670572,17.490491374664334,17.788177931408164,-0.29768655674383027,0.29768655674383027,False,0.41401201562379364
mc,5000,1.5,100.0,4.605170185988092,20.339304425549937,19.10114363057415,1.2381607949757871,1.2381607949757871,False,0.45525042849483427
mc,5000,1.5,102.0,4.624972813284271,20.897550563956145,20.451466504378626,0.44608405957751884,0.44608405957751884,True,0.4583347602408959
mc,5000,1.5,104.0,4.6443908991413725,22.27670945185704,21.837426004645213,0.4392834472118281,0.4392834472118281,True,0.4744770447393435
mc,5000,1.5,106.0,4.663439094112067,22.312184057657944,23.25732555346866,-0.9451414958107165,0.9451414958107165,True,0.48362198997488054
mc,5000,1.5,108.0,4.68213122712422,24.993689163600575,24.709501596004134,0.28418756759644026,0.28418756759644026,True,0.5098277987236387
mc,5000,1.5,110.0,4.700480365792417,26.17117413802176,26.19233100472104,-0.021156866699278964,0.021156866699278964,True,0.5050589366673706
mc,5000,1.5,112.0,4.718498871295094,27.813160559537327,27.704236999727943,0.10892355980938362,0.10892355980938362,True,0.5282849876411134
mc,5000,1.5,114.0,4.736198448394496,30.258288974104943,29.243693747527793,1.0145952265771498,1.0145952265771498,True,0.5702454449974184
mc,5000,1.5,116.0,4.7535901911063645,30.23323098835412,30.809229794764256,-0.5759988064101371,0.5759988064101371,True,0.5376666199939226
mc,5000,1.5,118.0,4.770684624465665,33.15157459710188,32.39943048520211,0.7521441118997672,0.7521441118997672,True,0.5846392623452958
mc,5000,1.5,120.0,4.787491742782046,34.31129488829493,34.012939498187116,0.2983553901078153,0.2983553901078153,True,0.5887969150981193
mc,5000,1.5,122.0,4.804021044733257,36.06993621202724,35.64845963585086,0.42147657617637435,0.42147657617637435,True,0.6243027746608308
mc,5000,1.5,124.0,4.820281565605037,35.38309003429672,37.30475297488213,-1.9216629405854064,1.9216629405854064,True,0.6062848456309885
mc,5000,1.5,126.0,4.836281906951478,39.925233080635834,38.9806404872111,0.944592593424737,0.944592593424737,True,0.6683966477427024
mc,5000,1.5,128.0,4.852030263919617,41.80656192110951,40.67500122273497,1.1315606983745425,1.1315606983745425,True,0.6804812225659151
mc,5000,1.5,130.0,4.867534450455582,42.73313886982687,42.38677113648775,0.34636773333911464,0.34636773333911464,True,0.6702352570154552
mc,5000,1.5,132.0,4.882801922586371,43.96902187264438,44.11494163256662,-0.14591975992223638,0.14591975992223638,True,0.7058832926919061
mc,5000,1.5,134.0,4.897839799950911,46.33914058563688,45.85855788776555,0.4805826978713341,0.4805826978713341,True,0.6953786973560935
mc,5000,1.5,136.0,4.912654885736052,46.06177246838636,47.61671700928652,-1.5549445409001592,1.5549445409001592,True,0.6788632607076172
mc,5000,1.5,138.0,4.927253685157205,48.83185400745952,49.38856607311198,-0.5567120656524622,0.5567120656524622,True,0.7202968032810751
mc,5000,1.5,140.0,4.941642422609304,51.3486390848659,51.173300082623,0.17533900224290022,0.17533900224290022,True,0.7420614547092793
mc,5000,1.5,142.0,4.955827057601261,52.97954632997987,52.97015988080409,0.009386449175778466,0.009386449175778466,True,0.7617736171223737
mc,5000,1.5,144.0,4.969813299576001,54.89509351220989,54.77843004385079,0.11666346835909991,0.11666346835909991,True,0.765996486025385
mc,5000,1.5,146.0,4.983606621708336,54.85605003787279,56.5974367791447,-1.74138674127191,1.74138674127191,True,0.7514926723544367
mc,5000,1.5,148.0,4.997212273764115,59.40474915702504,58.42654584631849,0.9782033107065473,0.9782033107065473,True,0.818867731040926
mc,5000,1.5,150.0,5.0106352940962555,58.85964093720962,60.265160516462565,-1.405519579252946,1.405519579252946,True,0.7845312663603755
mc,5000,1.5,152.0,5.0238805208462765,62.37700950237862,62.112719581356295,0.26428992102232485,0.26428992102232485,True,0.8290216604026385
mc,5000,1.5,154.0,5.0369526024136295,63.69604690704281,63.96869542189731,-0.27264851485449526,0.27264851485449526,True,0.8359089253578833
mc,5000,1.5,156.0,5.049856007249537,64.22810444823246,65.83259214259549,-1.60448769436303,1.60448769436303,True,0.833174987602178
mc,5000,1.5,158.0,5.062595033026967,68.29640557288894,67.70394377705186,0.5924617958370817,0.5924617958370817,True,0.8595163734148095
mc,5000,1.5,160.0,5.075173815233827,69.9377949116759,69.58231256770728,0.35548234396861744,0.35548234396861744,True,0.8749976610904882
mc,5000,1.5,162.0,5.087596335232384,72.04925468653485,71.46728732179065,0.5819673647442016,0.5819673647442016,True,0.9052473401184986
mc,5000,1.5,164.0,5.099866427824199,73.65506442079639,73.35848184427277,0.29658257652361897,0.29658257652361897,True,0.8972121790247114
mc,5000,1.5,166.0,5.111987788356544,75.39123086578545,75.25553344771937,0.13569741806607283,0.13569741806607283,True,0.92984983075593
mc,5000,1.5,168.0,5.123963979403259,76.01767572773565,77.15810153820148,-1.1404258104658282,1.1404258104658282,True,0.9230486535786032
mc,5000,1.5,170.0,5.135798437050262,79.85305988752644,79.06586627583155,0.7871936116948888,0.7871936116948888,True,0.9472383995415815
mc,5000,1.5,172.0,5.147494476813453,80.46919062504702,80.9785273080376,-0.509336682990579,0.509336682990579,True,0.95218241494668
mc,5000,1.5,174.0,5.159055299214529,82.21797329398716,82.89580257334389,-0.6778292793567289,0.6778292793567289,True,0.9826528598046701
mc,5000,1.5,176.0,5.170483995038151,86.55587907005278,84.81742717315927,1.7384518968935083,1.7384518968935083,True,1.0111168550559333
mc,5000,1.5,178.0,5.181783550292085,87.45182449488956,86.74315230890518,0.7086721859843834,0.7086721859843834,True,1.0042733748482693
mc,5000,1.5,180.0,5.19295685089021,88.51780820640663,88.67274428168611,-0.15493607527947972,0.15493607527947972,True,0.9841995362638318
mc,5000,1.5,182.0,5.204006687076795,93.5115342054721,90.60598355164936,2.9055506538227434,2.9055506538227434,True,1.0458066447288197
mc,5000,1.5,184.0,5.214935757608986,93.37944316425765,92.54266385415086,0.8367793101067917,0.8367793101067917,True,1.056580975991492
mc,5000,1.5,186.0,5.225746673713202,93.90946049716236,94.48259136985816,-0.5731308726957991,0.5731308726957991,True,1.0745895123849187
mc,5000,1.5,188.0,5.236441962829949,96.60623848283619,96.42558394595957,0.1806545368766166,0.1806545368766166,True,1.0466993064480627
mc,5000,1.5,190.0,5.247024072160486,98.85546097399208,98.37147036570833,0.4839906082837473,0.4839906082837473,True,1.063865107636172
mc,5000,1.5,192.0,5.2574953720277815,101.9260915318795,100.3200896636053,1.6060018682742054,1.6060018682742054,True,1.1016854078943825
mc,5000,1.5,194.0,5.267858159063328,102.06399037180634,102.27129048361545,-0.20730011180910424,0.20730011180910424,True,1.0849445033217673
mc,5000,1.5,196.0,5.278114659230517,105.93415988190661,104.22493047790869,1.7092294039979237,1.7092294039979237,True,1.1260969740418552
mc,5000,1.5,198.0,5.288267030694535,107.70600868512443,106.18087574372058,1.5251329414038537,1.5251329414038537,True,1.1482711157472787
mc,5000,1.5,200.0,5.298317366548036,108.20035742011918,108.13900029603367,0.061357124085503756,0.061357124085503756,True,1.1544064258441753
mc,5000,2.0,50.0,3.912023005428146,1.0738247581503635,1.2589833602466978,-0.18515860209633428,0.18515860209633428,False,0.09622063013076398
mc,5000,2.0,52.0,3.9512437185814275,1.6485821892169092,1.551535749482354,0.09704643973455518,0.09704643973455518,False,0.12404640932223825
mc,5000,2.0,54.0,3.9889840465642745,1.7623172240132459,1.8868080839901586,-0.12449085997691278,0.12449085997691278,False,0.12399804631935266
mc,5000,2.0,56.0,4.02535169073515,2.0938424667961035,2.266851725903503,-0.1730092591073995,0.1730092591073995,False,0.13261909609333486
mc,5000,2.0,58.0,4.060443010546419,2.7752182051682697,2.6933828881675757,0.08183531700069402,0.08183531700069402,False,0.16180915086513914
mc,5000,2.0,60.0,4.0943445622221,3.0592496166282572,3.1677797243748533,-0.1085301077465961,0.1085301077465961,False,0.1587383525678241
mc,5000,2.0,62.0,4.127134385045092,3.667017926580002,3.6910874611443334,-0.024069534564331363,0.024069534564331363,False,0.1880090663857378
mc,5000,2.0,64.0,4.1588830833596715,4.233609018995038,4.264030119395751,-0.030421100400713108,0.030421100400713108,False,0.19844691069274853
mc,5000,2.0,66.0,4.189654742026425,4.957135537680265,4.887027400523635,0.07010813715662945,0.07010813715662945,False,0.22788580982483642
mc,5000,2.0,68.0,4.219507705176107,5.385890612571193,5.560215405918465,-0.1743247933472727,0.1743247933472727,False,0.23645905649896531
mc,5000,2.0,70.0,4.248495242049359,6.200746405913867,6.283469990774782,-0.0827235848609158,0.0827235848609158,False,0.25554757222533925
mc,5000,2.0,72.0,4.276666119016055,6.818629121302007,7.056431707273529,-0.23780258597152226,0.23780258597152226,False,0.2688926693900361
mc,5000,2.0,74.0,4.30406509320417,7.705602688438526,7.8785314539083116,-0.17292876546978597,0.17292876546978597,False,0.27511613463722273
mc,5000,2.0,76.0,4.330733340286331,8.742794990526416,8.749016106683472,-0.006221116157055562,0.006221116157055562,False,0.30840070939606273
mc,5000,2.0,78.0,4.356708826689592,9.236026555462105,9.666973557167337,-0.43094700170523126,0.43094700170523126,False,0.31418514869042324
mc,5000,2.0,80.0,4.382026634673881,10.960032337432182,10.631356717614514,0.3286756198176679,0.3286756198176679,False,0.35435369642316045
mc,5000,2.0,82.0,4.406719247264253,11.720737945356833,11.641006172313999,0.07973177304283396,0.07973177304283396,False,0.38201255040529514
mc,5000,2.0,84.0,4.430816798843313,12.851909178565792,12.694671256228183,0.15723792233760925,0.15723792233760925,False,0.38656820993771374
mc,5000,2.0,86.0,4.454347296253507,13.897739206668941,13.791029427192841,0.10670977947610005,0.10670977947610005,False,0.3974190706349712
mc,5000,2.0,88.0,4.477336814478207,14.843075621750081,14.928703867478696,-0.08562824572861416,0.08562824572861416,False,0.42984964486642374
mc,5000,2.0,90.0,4.499809670330265,15.650147486625242,16.106279305834924,-0.4561318192096824,0.4561318192096824,False,0.4234582033308048
mc,5000,2.0,92.0,4.5217885770490405,17.143281059947157,17.322316093909112,-0.17903503396195575,0.17903503396195575,False,0.4565743243080369
mc,5000,2.0,94.0,4.543294782270004,18.285981065521348,18.575362602896835,-0.2893815373754869,0.2893815373754869,False,0.46341191951996974
mc,5000,2.0,96.0,4.564348191467836,19.38049629989059,19.8639660291078,-0.48346972921720877,0.48346972921720877,False,0.4839255048388274
mc,5000,2.0,98.0,4.584967478670572,21.177669081599944,21.186681712412497,-0.009012630812552658,0.009012630812552658,False,0.49994244978025953
mc,5000,2.0,100.0,4.605170185988092,22.380085255517713,22.542081080686568,-0.16199582516885513,0.16199582516885513,False,0.5328410737512942
mc,5000,2.0,102.0,4.624972813284271,23.686592811439187,23.928758337653864,-0.24216552621467713,0.24216552621467713,True,0.5697650004416831
mc,5000,2.0,104.0,4.6443908991413725,24.65004441443769,25.345336012034142,-0.6952915975964515,0.6952915975964515,True,0.5699806305883426
mc,5000,2.0,106.0,4.663439094112067,26.710607006234206,26.79046948354769,-0.07986247731348328,0.07986247731348328,True,0.5833971457435666
mc,5000,2.0,108.0,4.68213122712422,28.417583842725307,28.26285059689163,0.15473324583367543,0.15473324583367543,True,0.5840940225856723
mc,5000,2.0,110.0,4.700480365792417,30.631532841889847,29.76121046890271,0.8703223729871361,0.8703223729871361,True,0.6330530586955428
mc,5000,2.0,112.0,4.718498871295094,30.943553480776043,31.28432158727867,-0.340768106502626,0.340768106502626,True,0.6350572489886483
mc,5000,2.0,114.0,4.736198448394496,31.991482592148415,32.83099929183904,-0.8395166996906269,0.8395166996906269,True,0.6352809710952302
mc,5000,2.0,116.0,4.7535901911063645,35.013130017807825,34.400102721684625,0.6130272961231995,0.6130272961231995,True,0.666219377672612
mc,5000,2.0,118.0,4.770684624465665,34.846120054589186,35.99053530400359,-1.1444152494144078,1.1444152494144078,True,0.649871411364685
mc,5000,2.0,120.0,4.787491742782046,37.45144632771333,37.601244852837354,-0.14979852512402658,0.14979852512402658,True,0.6948413367728066
mc,5000,2.0,122.0,4.804021044733257,39.278180895354566,39.2312233390041,0.04695755635046339,0.04695755635046339,True,0.7238914723321507
mc,5000,2.0,124.0,4.820281565605037,40.92204115174011,40.879506385648725,0.042534766091385734,0.042534766091385734,True,0.7411702923050714
mc,5000,2.0,126.0,4.836281906951478,42.80551286508271,42.54517253761565,0.2603403274670626,0.2603403274670626,True,0.7453616490176177
mc,5000,2.0,128.0,4.852030263919617,44.104212961828324,44.22734234704226,-0.1231293852139359,0.1231293852139359,True,0.78702713039751
mc,5000,2.0,130.0,4.867534450455582,45.58249123248857,45.925177312260736,-0.3426860797721645,0.3426860797721645,True,0.7916953282839456
mc,5000,2.0,132.0,4.882801922586371,47.08601184471538,47.63787870227131,-0.5518668575559289,0.5518668575559289,True,0.8160132843675387
mc,5000,2.0,134.0,4.897839799950911,50.46837705901836,49.36468629469242,1.1036907643259397,1.1036907643259397,True,0.8468877164667479
mc,5000,2.0,136.0,4.912654885736052,49.537116847371784,51.104877051182896,-1.5677602038111118,1.5677602038111118,True,0.8184953675503919
mc,5000,2.0,138.0,4.927253685157205,54.018199542960396,52.85776375084181,1.1604357921185837,1.1604357921185837,True,0.8509806142017577
mc,5000,2.0,140.0,4.941642422609304,53.92327005909016,54.62269359899473,-0.6994235399045721,0.6994235399045721,True,0.8433949320444669
mc,5000,2.0,142.0,4.955827057601261,56.79094590644017,56.399046826035885,0.39189908040428634,0.39189908040428634,True,0.8903214647312021
mc,5000,2.0,144.0,4.969813299576001,57.48948404076963,58.186235288587454,-0.6967512478178222,0.6967512478178222,True,0.8922602254939184
mc,5000,2.0,146.0,4.983606621708336,59.772589457049136,59.98370108313241,-0.21111162608327305,0.21111162608327305,True,0.896455792681495
mc,5000,2.0,148.0,4.997212273764115,61.47971819014526,61.79091518043345,-0.31119699028818815,0.31119699028818815,True,0.9490749066947958
mc,5000,2.0,150.0,5.0106352940962555,62.75243494262767,63.60737608745959,-0.8549411448319191,0.8549411448319191,True,0.9515375200803892
mc,5000,2.0,152.0,5.0238805208462765,66.50542458580625,65.43260854215954,1.0728160436467107,1.0728160436467107,True,0.9952305358351275
mc,5000,2.0,154.0,5.0369526024136295,66.05669300341238,67.2661622452369,-1.2094692418245216,1.2094692418245216,True,0.9715963275453752
mc,5000,2.0,156.0,5.049856007249537,69.65427806661437,69.10761063206421,0.5466674345501588,0.5466674345501588,True,0.9950985658248722
mc,5000,2.0,158.0,5.062595033026967,71.89359663834988,70.95654968700912,0.9370469513407613,0.9370469513407613,True,1.0224997999446426
mc,5000,2.0,160.0,5.075173815233827,72.78274071639515,72.81259680171023,-0.029856085315074665,0.029856085315074665,True,1.013472804072469
mc,5000,2.0,162.0,5.087596335232384,74.5205287793323,74.67538967822543,-0.15486089889313348,0.15486089889313348,True,1.0345781787618884
mc,5000,2.0,164.0,5.099866427824199,75.73415617016235,76.54458527745672,-0.8104291072943681,0.8104291072943681,True,1.0288945489234216
mc,5000,2.0,166.0,5.111987788356544,77.14183079568534,78.41985881282655,-1.2780280171412102,1.2780280171412102,True,1.088759985691406
mc,5000,2.0,168.0,5.123963979403259,79.92509011150266,80.30090278883111,-0.37581267732845447,0.37581267732845447,True,1.0665525580596567
mc,5000,2.0,170.0,5.135798437050262,81.79517699439414,82.18742608380443,-0.392249089410285,0.392249089410285,True,1.0907541637687614
mc,5000,2.0,172.0,5.147494476813453,84.06765595216125,84.07915307599832,-0.011497123837074241,0.011497123837074241,True,1.1413270343679882
mc,5000,2.0,174.0,5.159055299214529,85.89323664879375,85.97582281190566,-0.08258616311191247,0.08258616311191247,True,1.1200370585736863
mc,5000,2.0,176.0,5.170483995038151,88.42273081695282,87.87718821560388,0.5455426013489415,0.5455426013489415,True,1.1777281967750983
mc,5000,2.0,178.0,5.181783550292085,88.57397510769542,89.78301533780227,-1.2090402301068508,1.2090402301068508,True,1.1110774740989902
mc,5000,2.0,180.0,5.19295685089021,93.33225889829455,91.69308264318929,1.6391762551052693,1.6391762551052693,True,1.1966951614772474
mc,5000,2.0,182.0,5.204006687076795,91.94010566584178,93.60718033463459,-1.6670746687928073,1.6670746687928073,True,1.1838241832360268
mc,5000,2.0,184.0,5.214935757608986,96.6192229887694,95.52510971276544,1.0941132760039523,1.0941132760039523,True,1.2218102407846592
mc,5000,2.0,186.0,5.225746673713202,98.40284743836163,97.44668256942606,0.9561648689355735,0.9561648689355735,True,1.2318342236371047
mc,5000,2.0,188.0,5.236441962829949,101.04030666841764,99.37172061353205,1.6685860548855942,1.6685860548855942,True,1.2821443442089275
mc,5000,2.0,190.0,5.247024072160486,102.40321319964445,101.30005492784468,1.1031582717997708,1.1031582717997708,True,1.320182417239489
mc,5000,2.0,192.0,5.2574953720277815,102.7446057076625,103.23152545521167,-0.486919747549166,0.486919747549166,True,1.283793895113636
mc,5000,2.0,194.0,5.267858159063328,104.98256993532165,105.16598051285617,-0.1834105775345165,0.1834105775345165,True,1.2472036716193742
mc,5000,2.0,196.0,5.278114659230517,106.10438310173406,107.10327633332794,-0.9988932315938825,0.9988932315938825,True,1.2628288824982132
mc,5000,2.0,198.0,5.288267030694535,110.12477676996487,109.0432766307757,1.081500139189174,1.081500139189174,True,1.3139338765304152
mc,5000,2.0,200.0,5.298317366548036,111.0321633967481,110.98585219124094,0.046311205507166164,0.046311205507166164,True,1.2973903291409967
mc,5000,2.5,50.0,3.912023005428146,2.089342393200979,2.0939939138020502,-0.004651520601071102,0.004651520601071102,False,0.14104031587791538
mc,5000,2.5,52.0,3.9512437185814275,2.563703821170842,2.501008963769218,0.06269485740162395,0.06269485740162395,False,0.16363551385881836
mc,5000,2.5,54.0,3.9889840465642745,2.8456196529547464,2.9542743330237244,-0.10865468006897805,0.10865468006897805,False,0.16543933677558129
mc,5000,2.5,56.0,4.02535169073515,3.691403125501469,3.454715362912377,0.2366877625890922,0.2366877625890922,False,0.20034182844826504
mc,5000,2.5,58.0,4.060443010546419,4.08914175313704,4.0029537762958824,0.08618797684115798,0.08618797684115798,False,0.21319684525472396
mc,5000,2.5,60.0,4.0943445622221,4.667559807076311,4.59932811009052,0.06823169698579168,0.06823169698579168,False,0.23342939893910566
mc,5000,2.5,62.0,4.127134385045092,4.993426687072349,5.243916701963171,-0.250490014890822,0.250490014890822,False,0.2367388489464156
mc,5000,2.5,64.0,4.1588830833596715,5.720651105924489,5.936562144051382,-0.21591103812689294,0.21591103812689294,False,0.26034883937735365
mc,5000,2.5,66.0,4.189654742026425,6.62679840867796,6.676896312095527,-0.05009790341756748,0.05009790341756748,False,0.2778471647199869
mc,5000,2.5,68.0,4.219507705176107,7.286984824368905,7.464365260239511,-0.1773804358706057,0.1773804358706057,False,0.2767577675925479
mc,5000,2.5,70.0,4.248495242049359,8.119057994067624,8.298253434797084,-0.17919544072946003,0.17919544072946003,False,0.3061427283867172
mc,5000,2.5,72.0,4.276666119016055,8.406584445722528,9.177706802148153,-0.7711223564256251,0.7711223564256251,False,0.32049108347180266
mc,5000,2.5,74.0,4.30406509320417,10.043480016435247,10.10175460624892,-0.058274589813672506,0.058274589813672506,False,0.36152251932766966
mc,5000,2.5,76.0,4.330733340286331,10.894460224115075,11.069329570927023,-0.17486934681194732,0.17486934681194732,False,0.3789437782706931
mc,5000,2.5,78.0,4.356708826689592,11.921124058706072,12.07928644288096,-0.15816238417488826,0.15816238417488826,False,0.3810135382791681
mc,5000,2.5,80.0,4.382026634673881,12.928251784106994,13.130418835205258,-0.2021670510982645,0.2021670510982645,False,0.40875088854814606
mc,5000,2.5,82.0,4.406719247264253,14.636053433073464,14.221474380567697,0.41457905250576665,0.41457905250576665,False,0.44788656531617776
mc,5000,2.5,84.0,4.430816798843313,14.994932999208867,15.351168240080773,-0.3562352408719054,0.3562352408719054,False,0.45439885008781405
mc,5000,2.5,86.0,4.454347296253507,16.977008311794997,16.518195040524713,0.4588132712702837,0.4588132712702837,False,0.48723896431819685
mc,5000,2.5,88.0,4.477336814478207,17.652950378085517,17.721239330772008,-0.06828895268649049,0.06828895268649049,False,0.492261710313909
mc,5000,2.5,90.0,4.499809670330265,18.559838199182735,18.958984659704818,-0.3991464605220827,0.3991464605220827,False,0.5027697065358767
mc,5000,2.5,92.0,4.5217885770490405,20.179012025160972,20.230121384035925,-0.05110935887495316,0.05110935887495316,False,0.5271373033187327
mc,5000,2.5,94.0,4.543294782270004,22.574865568406402,21.533353316457035,1.0415122519493671,1.0415122519493671,False,0.5905339251897515
mc,5000,2.5,96.0,4.564348191467836,22.7896071134919,22.867403323462984,-0.07779620997108339,0.07779620997108339,False,0.5654737683124299
mc,5000,2.5,98.0,4.584967478670572,24.501674891466553,24.231017978858798,0.2706569126077554,0.2706569126077554,False,0.601786993165641
mc,5000,2.5,100.0,4.605170185988092,25.00241332811008,25.622971374028765,-0.6205580459186848,0.6205580459186848,False,0.610502214705946
mc,5000,2.5,102.0,4.624972813284271,27.557259964062077,27.042068180062774,0.5151917839993025,0.5151917839993025,True,0.6114925397949392
mc,5000,2.5,104.0,4.6443908991413725,29.135356438875426,28.487146050217035,0.6482103886583914,0.6482103886583914,True,0.6810366605521649
mc,5000,2.5,106.0,4.663439094112067,31.113462683378124,29.95707744425754,1.1563852391205849,1.1563852391205849,True,0.6980458673744717
mc,5000,2.5,108.0,4.68213122712422,32.63123539437498,31.450770949243108,1.180464445131875,1.180464445131875,True,0.7280871019772235
mc,5000,2.5,110.0,4.700480365792417,34.19016689219278,32.96717216442432,1.2229947277684587,1.2229947277684587,True,0.725652622207852
mc,5000,2.5,112.0,4.718498871295094,34.92953672348224,34.505264211304784,0.42427251217745265,0.42427251217745265,True,0.7702945690948897
mc,5000,2.5,114.0,4.736198448394496,36.518792750035665,36.06406792361087,0.45472482642479406,0.45472482642479406,True,0.7507415915400798
mc,5000,2.5,116.0,4.7535901911063645,37.136197087650864,37.642641766006946,-0.5064446783560825,0.5064446783560825,True,0.7526162922119973
mc,5000,2.5,118.0,4.770684624465665,40.16440396309213,39.24008152491139,0.924322438180738,0.924322438180738,True,0.8073838257855619
mc,5000,2.5,120.0,4.787491742782046,41.09235745280105,40.85551980971237,0.23683764308868405,0.23683764308868405,True,0.8154617081644158
mc,5000,2.5,122.0,4.804021044733257,42.14659262271922,42.48812539807446,-0.3415327753552404,0.3415327753552404,True,0.8172169576157015
mc,5000,2.5,124.0,4.820281565605037,45.22698794908811,44.137102454830774,1.089885494257338,1.089885494257338,True,0.858561992285598
mc,5000,2.5,126.0,4.836281906951478,47.06450740835387,45.80168965017807,1.2628177581757996,1.2628177581757996,True,0.8771662454990808
mc,5000,2.5,128.0,4.852030263919617,47.97555203012217,47.48115919948872,0.4943928306334442,0.4943928306334442,True,0.896723743006875
mc,5000,2.5,130.0,4.867534450455582,48.04265327879427,49.17481584401827,-1.1321625652240002,1.1321625652240002,True,0.8714390981819341
mc,5000,2.5,132.0,4.882801922586371,48.68607231124458,50.88199578907845,-2.1959234778338725,2.1959234778338725,True,0.9066941914182899
mc,5000,2.5,134.0,4.897839799950911,52.48563927341081,52.602065613847564,-0.11642634043675315,0.11642634043675315,True,0.9229966443163883
mc,5000,2.5,136.0,4.912654885736052,52.47398573585711,54.334421164866335,-1.8604354290092218,1.8604354290092218,True,0.9095124995456011
mc,5000,2.5,138.0,4.927253685157205,56.154953357017504,56.078486443400614,0.07646691361689051,0.07646691361689051,True,0.9795333961050948
mc,5000,2.5,140.0,4.941642422609304,58.48777569886926,57.833712495212616,0.6540632036566407,0.6540632036566407,True,1.008661249593992
mc,5000,2.5,142.0,4.955827057601261,57.07131101756494,59.599576309847656,-2.5282652922827182,2.5282652922827182,True,0.9685182784367282
mc,5000,2.5,144.0,4.969813299576001,61.71155919171427,61.37557973529078,0.3359794564234946,0.3359794564234946,True,1.033664608579342
mc,5000,2.5,146.0,4.983606621708336,63.23892585289833,63.16124841276679,0.07767744013154498,0.07767744013154498,True,1.0538369071588225
mc,5000,2.5,148.0,4.997212273764115,65.39454481013371,64.9561307355086,0.43841407462511484,0.43841407462511484,True,1.0583646606782533
mc,5000,2.5,150.0,5.0106352940962555,64.5315675151777,66.75979683451304,-2.228229319335341,2.228229319335341,True,1.0715957595744818
mc,5000,2.5,152.0,5.0238805208462765,69.1515906109552,68.57183759360191,0.5797530173532834,0.5797530173532834,True,1.1058092624631168
mc,5000,2.5,154.0,5.0369526024136295,69.62905962500646,70.3918636955101,-0.7628040705036341,0.7628040705036341,True,1.11016108428988
mc,5000,2.5,156.0,5.049856007249537,71.62833607675672,72.21950470021258,-0.5911686234558573,0.5911686234558573,True,1.1480050066081318
mc,5000,2.5,158.0,5.062595033026967,70.7446147125701,74.0544081562712,-3.3097934437010963,3.3097934437010963,True,1.0740610828587716
mc,5000,2.5,160.0,5.075173815233827,75.05499580983957,75.89623874561542,-0.8412429357758526,0.8412429357758526,True,1.1478521251863225
mc,5000,2.5,162.0,5.087596335232384,78.24708083893435,77.7446774618696,0.502403377064752,0.502403377064752,True,1.190320422712148
mc,5000,2.5,164.0,5.099866427824199,80.0537019494491,79.59942082208154,0.4542811273675653,0.4542811273675653,True,1.1965742305489047
mc,5000,2.5,166.0,5.111987788356544,81.20933943294095,81.46018011149853,-0.2508406785575801,0.2508406785575801,True,1.192478183157121
mc,5000,2.5,168.0,5.123963979403259,84.57549685705504,83.32668066086794,1.2488161961871072,1.2488161961871072,True,1.221155976540071
mc,5000,2.5,170.0,5.135798437050262,84.22817947362427,85.198661155598,-0.9704816819737374,0.9704816819737374,True,1.2858836364496418
mc,5000,2.5,172.0,5.147494476813453,89.39558327170533,87.07587297600479,2.3197102957005455,2.3197102957005455,True,1.2686573190977468
mc,5000,2.5,174.0,5.159055299214529,91.09386983869514,88.95807956779203,2.135790270903115,2.135790270903115,True,1.298041197464028
mc,5000,2.5,176.0,5.170483995038151,91.55120957195685,90.84505584183553,0.706153730121315,0.706153730121315,True,1.301199123714975
mc,5000,2.5,178.0,5.181783550292085,91.47423610739028,92.73658760230983,-1.2623514949195425,1.2623514949195425,True,1.284400211239906
mc,5000,2.5,180.0,5.19295685089021,93.87550219223937,94.63247100215085,-0.7569688099114842,0.7569688099114842,True,1.2983976804325712
mc,5000,2.5,182.0,5.204006687076795,96.33492069338216,96.53251202484005,-0.1975913314578861,0.1975913314578861,True,1.3448081145831718
mc,5000,2.5,184.0,5.214935757608986,98.23182802542136,98.4365259914801,-0.20469796605873114,0.20469796605873114,True,1.3810246228412684
mc,5000,2.5,186.0,5.225746673713202,100.45246773510627,100.34433709213475,0.10813064297151698,0.10813064297151698,True,1.3991013517557729
mc,5000,2.5,188.0,5.236441962829949,103.17644034702536,102.2557779404162,0.9206624066091678,0.9206624066091678,True,1.4407431740837584
mc,5000,2.5,190.0,5.247024072160486,103.6846883569497,104.17068915031268,-0.48600079336297597,0.48600079336297597,True,1.413466503303682
mc,5000,2.5,192.0,5.2574953720277815,106.32226874516554,106.08891893426971,0.23334981089583096,0.23334981089583096,True,1.427453639504473
mc,5000,2.5,194.0,5.267858159063328,108.08518556544122,108.01032272156247,0.07486284387874775,0.07486284387874775,True,1.5127037841380369
mc,5000,2.5,196.0,5.278114659230517,108.32345734840908,109.93476279601867,-1.6113054476095954,1.6113054476095954,True,1.4346484091213318
mc,5000,2.5,198.0,5.288267030694535,110.96163256682223,111.86210795218413,-0.9004753853619007,0.9004753853619007,True,1.4521733987772216
mc,5000,2.5,200.0,5.298317366548036,116.14448158605802,113.79223316904567,2.3522484170123477,2.3522484170123477,True,1.4982969070457375
mc,5000,3.0,50.0,3.912023005428146,2.9934206827881797,3.0306107744769046,-0.03719009168872489,0.03719009168872489,False,0.1956226380733059
mc,5000,3.0,52.0,3.9512437185814275,3.4004808189101445,3.5418263537940256,-0.14134553488388102,0.14134553488388102,False,0.20502420898780477
mc,5000,3.0,54.0,3.9889840465642745,4.159907984135781,4.100288683275232,0.05961930086054945,0.05961930086054945,False,0.2190279685794265
mc,5000,3.0,56.0,4.02535169073515,4.730618753124628,4.706105426843794,0.024513326280834136,0.024513326280834136,False,0.24790119365526334
mc,5000,3.0,58.0,4.060443010546419,5.38702665097089,5.359148147931933,0.027878503038957447,0.027878503038957447,False,0.26170246338622183
mc,5000,3.0,60.0,4.0943445622221,5.7904832397863695,6.059079201638003,-0.26859596185163337,0.26859596185163337,False,0.2625768891616794
mc,5000,3.0,62.0,4.127134385045092,6.3849914402235886,6.805377955869626,-0.4203865156460376,0.4203865156460376,False,0.2921156358437079
mc,5000,3.0,64.0,4.1588830833596715,7.307947801636395,7.597365852464791,-0.2894180508283961,0.2894180508283961,False,0.3179185533341084
mc,5000,3.0,66.0,4.189654742026425,8.045862142695336,8.434229973422456,-0.38836783072711967,0.38836783072711967,False,0.3038384116463976
mc,5000,3.0,68.0,4.219507705176107,9.222054640160922,9.315044901477567,-0.09299026131664512,0.09299026131664512,False,0.3600570743491336
mc,5000,3.0,70.0,4.248495242049359,10.120690702133379,10.238792761959017,-0.11810205982563815,0.11810205982563815,False,0.3747745869020654
mc,5000,3.0,72.0,4.276666119016055,12.083496599365782,11.204381407993734,0.8791151913720476,0.8791151913720476,False,0.42487601261423924
mc,5000,3.0,74.0,4.30406509320417,11.695272529447536,12.210660767366491,-0.5153882379189554,0.5153882379189554,False,0.41308360905883856
mc,5000,3.0,76.0,4.330733340286331,13.599208571577789,13.256437410114058,0.3427711614637303,0.3427711614637303,False,0.46312343481149837
mc,5000,3.0,78.0,4.356708826689592,13.356687939597009,14.340487424234643,-0.9837994846376343,0.9837994846376343,False,0.44627247640426926
mc,5000,3.0,80.0,4.382026634673881,15.473681632366112,15.461567705327385,0.012113927038727823,0.012113927038727823,False,0.49443300190305667
mc,5000,3.0,82.0,4.406719247264253,16.557268426688573,16.618425776739436,-0.06115735005086265,0.06115735005086265,False,0.49598345537329314
mc,5000,3.0,84.0,4.430816798843313,17.891192313241906,17.80980826170408,0.08138405153782458,0.08138405153782458,False,0.5429224015229301
mc,5000,3.0,86.0,4.454347296253507,19.211297046365193,19.034468129494094,0.17682891687109858,0.17682891687109858,False,0.5573921775446051
mc,5000,3.0,88.0,4.477336814478207,20.33936081453095,20.29117083497985,0.04818997955109694,0.04818997955109694,False,0.5783246473005643
mc,5000,3.0,90.0,4.499809670330265,20.90340516613072,21.578699466127226,-0.675294299996505,0.675294299996505,False,0.5738719552943715
mc,5000,3.0,92.0,4.5217885770490405,22.556624250353426,22.89585900763492,-0.33923475728149555,0.33923475728149555,False,0.61094514499063
mc,5000,3.0,94.0,4.543294782270004,24.728841184798668,24.24147982166782,0.487361363130848,0.487361363130848,False,0.688838560727617
mc,5000,3.0,96.0,4.564348191467836,25.41065369922561,25.614420438934143,-0.20376673970853432,0.20376673970853432,False,0.6768635129515933
mc,5000,3.0,98.0,4.584967478670572,27.256996220810457,27.013569745493864,0.24342647531659267,0.24342647531659267,False,0.6621913282018156
mc,5000,3.0,100.0,4.605170185988092,27.986904477905565,28.437848642920066,-0.4509441650145014,0.4509441650145014,False,0.6813020878933976
mc,5000,3.0,102.0,4.624972813284271,29.241770631436736,29.886211251924067,-0.6444406204873303,0.6444406204873303,True,0.697442891478103
mc,5000,3.0,104.0,4.6443908991413725,31.360759558949795,31.357645722413043,0.0031138365367517906,0.0031138365367517906,True,0.7253351704537792
mc,5000,3.0,106.0,4.663439094112067,34.07579384877325,32.85117470624857,1.2246191425246806,1.2246191425246806,True,0.7643873260124755
mc,5000,3.0,108.0,4.68213122712422,34.22811984869711,34.36585554275537,-0.13773569405825725,0.13773569405825725,True,0.763753711082274
mc,5000,3.0,110.0,4.700480365792417,36.14727149710114,35.90078020130359,0.24649129579754714,0.24649129579754714,True,0.8032440373737446
mc,5000,3.0,112.0,4.718498871295094,37.15319121274551,37.4550750200628,-0.3018838073172887,0.3018838073172887,True,0.8095049919252799
mc,5000,3.0,114.0,4.736198448394496,39.06125901307245,39.02790027528016,0.03335873779229104,0.03335873779229104,True,0.8392200298247762
mc,5000,3.0,116.0,4.7535901911063645,40.65211735035396,40.618449611152684,0.033667739201277413,0.033667739201277413,True,0.8698241288802439
mc,5000,3.0,118.0,4.770684624465665,41.967316602062226,42.225949356520545,-0.25863275445831846,0.25863275445831846,True,0.8892432355689901
mc,5000,3.0,120.0,4.787491742782046,44.089240033452015,43.849657751163534,0.239582282288481,0.239582282288481,True,0.8873162179722052
mc,5000,3.0,122.0,4.804021044733257,45.52528023746555,45.48886410142371,0.03641613604184357,0.03641613604184357,True,0.9349242642061998
mc,5000,3.0,124.0,4.820281565605037,47.41762859156863,47.142887882151065,0.27474070941756423,0.27474070941756423,True,0.9477837577854117
mc,5000,3.0,126.0,4.836281906951478,47.16886451561188,48.81107779956747,-1.6422132839555914,1.6422132839555914,True,0.9136395395942373
mc,5000,3.0,128.0,4.852030263919617,50.76419299392569,50.49281082751558,0.27138216641011326,0.27138216641011326,True,0.9776593897818342
mc,5000,3.0,130.0,4.867534450455582,51.78608296808217,52.18749122769405,-0.401408259611884,0.401408259611884,True,0.9804460141645173
mc,5000,3.0,132.0,4.882801922586371,54.92001462445323,53.89454956284179,1.0254650616114418,1.0254650616114418,True,1.052388593337341
mc,5000,3.0,134.0,4.897839799950911,56.04604491071558,55.61344171039985,0.4326032003157323,0.4326032003157323,True,1.0060065786695243
mc,5000,3.0,136.0,4.912654885736052,55.64128300398985,57.343647882929595,-1.702364878939747,1.702364878939747,True,1.036633113034657
mc,5000,3.0,138.0,4.927253685157205,60.253975845541994,59.084671660478016,1.1693041850639787,1.1693041850639787,True,1.0521735607382396
mc,5000,3.0,140.0,4.941642422609304,61.91455341762285,60.83603903913771,1.0785143784851385,1.0785143784851385,True,1.1275335170801488
mc,5000,3.0,142.0,4.955827057601261,62.64203480226698,62.597297499231786,0.04473730303519119,0.04473730303519119,True,1.1222520477951203
mc,5000,3.0,144.0,4.969813299576001,65.84098302270294,64.36801509584836,1.4729679268545794,1.4729679268545794,True,1.1373590714601152
mc,5000,3.0,146.0,4.983606621708336,66.56465346221903,66.14777957384908,0.416873888369949,0.416873888369949,True,1.1529860120166473
mc,5000,3.0,148.0,4.997212273764115,66.74221564937847,67.93619750894966,-1.1939818595711955,1.1939818595711955,True,1.1291801698846453
mc,5000,3.0,150.0,5.0106352940962555,70.98542094379272,69.73289347603472,1.252527467758,1.252527467758,True,1.205020407707634
mc,5000,3.0,152.0,5.0238805208462765,70.17694446781331,71.53750924548764,-1.3605647776743268,1.3605647776743268,True,1.2007737876836755
mc,5000,3.0,154.0,5.0369526024136295,70.32104289579787,73.34970300800201,-3.028660112204136,3.028660112204136,True,1.1647975649570248
mc,5000,3.0,156.0,5.049856007249537,74.95926908715899,75.16914862806966,-0.20987954091067706,0.20987954091067706,True,1.2413911747058899
mc,5000,3.0,158.0,5.062595033026967,74.2786683017531,76.99553492611966,-2.71686662436656,2.71686662436656,True,1.2712642505017504
mc,5000,3.0,160.0,5.075173815233827,78.2780995585432,78.82856498909341,-0.5504654305502044,0.5504654305502044,True,1.2884745639473563
mc,5000,3.0,162.0,5.087596335232384,83.03779104523969,80.66795550909144,2.369835536148244,2.369835536148244,True,1.3742862987692293
mc,5000,3.0,164.0,5.099866427824199,82.77795277091842,82.51343614960031,0.2645166213181085,0.2645166213181085,True,1.322991732246787
mc,5000,3.0,166.0,5.111987788356544,85.48842431007306,84.36474893870871,1.1236753713643424,1.1236753713643424,True,1.338588898826716
mc,5000,3.0,168.0,5.123963979403259,87.43326836801988,86.22164768864444,1.211620679375443,1.211620679375443,True,1.4186555443339384
mc,5000,3.0,170.0,5.135798437050262,87.90156432488172,88.08389744090059,-0.18233311601886726,0.18233311601886726,True,1.4140462021366997
mc,5000,3.0,172.0,5.147494476813453,91.36575307425439,89.95127393617294,1.4144791380814468,1.4144791380814468,True,1.4380372058475173
mc,5000,3.0,174.0,5.159055299214529,90.9976960904174,91.82356310830413,-0.825867017886722,0.825867017886722,True,1.420514237819245
mc,5000,3.0,176.0,5.170483995038151,94.91572946661405,93.70056060139872,1.2151688652153325,1.2151688652153325,True,1.4393154554572825
mc,5000,3.0,178.0,5.181783550292085,96.01595518773661,95.582071309271,0.4338838784656076,0.4338838784656076,True,1.495199715702932
mc,5000,3.0,180.0,5.19295685089021,95.64137869419622,97.46790893637487,-1.8265302421786487,1.8265302421786487,True,1.4705902813669807
mc,5000,3.0,182.0,5.204006687076795,99.92753917935516,99.35789557937396,0.5696435999812053,0.5696435999812053,True,1.5099811860100696
mc,5000,3.0,184.0,5.214935757608986,101.05500324446393,101.25186132851248,-0.196858084048543,0.196858084048543,True,1.510115075662438
mc,5000,3.0,186.0,5.225746673713202,101.55607558971873,103.14964388796139,-1.5935682982426584,1.5935682982426584,True,1.5249684713819074
mc,5000,3.0,188.0,5.236441962829949,104.97152372233705,105.0510882143314,-0.07956449199434701,0.07956449199434701,True,1.5509653433191328
mc,5000,3.0,190.0,5.247024072160486,107.16468696021012,106.95604617255955,0.20864078765056604,0.20864078765056604,True,1.5936345957543436
mc,5000,3.0,192.0,5.2574953720277815,107.56967162169101,108.8643762083985,-1.294704586707482,1.294704586707482,True,1.5652720932343083
mc,5000,3.0,194.0,5.267858159063328,112.6361303009978,110.77594303676027,1.8601872642375383,1.8601872642375383,True,1.6193797863521358
mc,5000,3.0,196.0,5.278114659230517,110.70332893689047,112.69061734518853,-1.9872884082980562,1.9872884082980562,True,1.605306642969601
mc,5000,3.0,198.0,5.288267030694535,113.82131405884483,114.60827551175939,-0.7869614529145537,0.7869614529145537,True,1.6131789902686864
mc,5000,3.0,200.0,5.298317366548036,117.1821049649545,116.52879933673239,0.6533056282221139,0.6533056282221139,True,1.678223662344238
