method,n_paths,maturity,S0,x0,prediction,reference_series,spread,abs_error,is_itm,mc_standard_error
mc,500,0.5,50.0,3.912023005428146,0.0,0.013523906733138875,-0.013523906733138875,0.013523906733138875,False,0.0
mc,500,0.5,52.0,3.9512437185814275,0.023716399800241157,0.020914682535813404,0.0028017172644277527,0.0028017172644277527,False,0.017365416599550012
mc,500,0.5,54.0,3.9889840465642745,0.0,0.03170930001245851,-0.03170930001245851,0.03170930001245851,False,0.0
mc,500,0.5,56.0,4.02535169073515,7.46280458068955e-05,0.04723677082791177,-0.04716214278210488,0.04716214278210488,False,7.46280458068955e-05
mc,500,0.5,58.0,4.060443010546419,0.11447127740530465,0.06926561187038087,0.04520566553492378,0.04520566553492378,False,0.05991135023058562
mc,500,0.5,60.0,4.0943445622221,0.06002929776151018,0.10010756621723993,-0.04007826845572975,0.04007826845572975,False,0.02568357807355628
mc,500,0.5,62.0,4.127134385045092,0.1704174533110936,0.14271733160834205,0.027700121702751546,0.027700121702751546,False,0.07562570846301904
mc,500,0.5,64.0,4.1588830833596715,0.1834532232162044,0.20077302602297126,-0.01731980280676687,0.01731980280676687,False,0.11501785714973627
mc,500,0.5,66.0,4.189654742026425,0.22700928077956412,0.27872084214185555,-0.051711561362291436,0.051711561362291436,False,0.07440971514961994
mc,500,0.5,68.0,4.219507705176107,0.26948490232262934,0.3817691329356478,-0.11228423061301845,0.11228423061301845,False,0.10377765065346725
mc,500,0.5,70.0,4.248495242049359,0.40461870139093653,0.5158219846795502,-0.11120328328861367,0.11120328328861367,False,0.1365500927119704
mc,500,0.5,72.0,4.276666119016055,0.49825429646128566,0.687349387767762,-0.18909509130647634,0.18909509130647634,False,0.12883966387192736
mc,500,0.5,74.0,4.30406509320417,1.0380133343919338,0.9031991120799997,0.13481422231193407,0.13481422231193407,False,0.2153718611148201
mc,500,0.5,76.0,4.330733340286331,1.0079111769811528,1.1703628686384178,-0.16245169165726492,0.16245169165726492,False,0.18245950324030558
mc,500,0.5,78.0,4.356708826689592,1.655898029413958,1.4957150159125663,0.16018301350139175,0.16018301350139175,False,0.3021062872299305
mc,500,0.5,80.0,4.382026634673881,2.0024233933867843,1.8857451161951004,0.11667827719168389,0.11667827719168389,False,0.2969484110294837
mc,500,0.5,82.0,4.406719247264253,2.1771972949645853,2.346305794073656,-0.16910849910907055,0.16910849910907055,False,0.33694705472961445
mc,500,0.5,84.0,4.430816798843313,2.4808827875587736,2.882394854627803,-0.4015120670690293,0.4015120670690293,False,0.3115448059696884
mc,500,0.5,86.0,4.454347296253507,4.066913730160234,3.4979861370878464,0.5689275930723876,0.5689275930723876,False,0.420231858194557
mc,500,0.5,88.0,4.477336814478207,3.823804025409278,4.195917970078078,-0.37211394466879977,0.37211394466879977,False,0.42177374907786414
mc,500,0.5,90.0,4.499809670330265,5.022329704761783,4.977842236848975,0.04448746791280822,0.04448746791280822,False,0.4645679179126999
mc,500,0.5,92.0,4.5217885770490405,5.417234460265043,5.844231705409953,-0.42699724514491066,0.42699724514491066,False,0.5409209899851489
mc,500,0.5,94.0,4.543294782270004,7.349766212501989,6.794438965023309,0.5553272474786803,0.5553272474786803,False,0.6115058004744383
mc,500,0.5,96.0,4.564348191467836,7.497188208941872,7.826797326145707,-0.3296091172038347,0.3296091172038347,False,0.5565164636280003
mc,500,0.5,98.0,4.584967478670572,8.62079603566603,8.938752445410538,-0.31795640974450734,0.31795640974450734,False,0.6417212999862464
mc,500,0.5,100.0,4.605170185988092,9.939629899063341,10.127013109764437,-0.1873832107010962,0.1873832107010962,False,0.7227296969913413
mc,500,0.5,102.0,4.624972813284271,10.049277320247148,11.387710315059412,-1.3384329948122637,1.3384329948122637,True,0.6715108941819151
mc,500,0.5,104.0,4.6443908991413725,13.19057950781542,12.716555208159466,0.4740242996559534,0.4740242996559534,True,0.7889290871998477
mc,500,0.5,106.0,4.663439094112067,13.339703615715495,14.108988326882425,-0.7692847111669305,0.7692847111669305,True,0.8048575616546858
mc,500,0.5,108.0,4.68213122712422,13.632438428040503,15.560314600025473,-1.9278761719849697,1.9278761719849697,True,0.7945894480054714
mc,500,0.5,110.0,4.700480365792417,16.520049033055468,17.065820545558744,-0.5457715125032756,0.5457715125032756,True,0.9008064595861746
mc,500,0.5,112.0,4.718498871295094,18.728495739499763,18.620871876572654,0.10762386292710957,0.10762386292710957,True,0.9060948014472175
mc,500,0.5,114.0,4.736198448394496,21.114475018346106,20.220991200200825,0.8934838181452811,0.8934838181452811,True,0.9807718294360188
mc,500,0.5,116.0,4.7535901911063645,21.53738294187261,21.86191663534854,-0.324533693475928,0.324533693475928,True,0.9762076056306361
mc,500,0.5,118.0,4.770684624465665,25.2686551409169,23.539642982142908,1.7290121587739904,1.7290121587739904,True,1.0569264258568756
mc,500,0.5,120.0,4.787491742782046,24.96779895674875,25.250447579292373,-0.282648622543622,0.282648622543622,True,1.0591128472228373
mc,500,0.5,122.0,4.804021044733257,26.989133396817298,26.990903231488726,-0.0017698346714283275,0.0017698346714283275,True,1.0633227268676262
mc,500,0.5,124.0,4.820281565605037,29.525165843763055,28.757880631334253,0.7672852124288028,0.7672852124288028,True,1.1857621062447001
mc,500,0.5,126.0,4.836281906951478,30.484844074908942,30.5485425929669,-0.0636985180579579,0.0636985180579579,True,1.1535092394034698
mc,500,0.5,128.0,4.852030263919617,32.972989917930576,32.36033220688671,0.612657711043866,0.612657711043866,True,1.1544083568397396
mc,500,0.5,130.0,4.867534450455582,32.71995495894696,34.19095675944178,-1.4710018004948253,1.4710018004948253,True,1.1023198940953858
mc,500,0.5,132.0,4.882801922586371,38.85633160623236,36.03836896948439,2.8179626367479713,2.8179626367479713,True,1.3047495195735292
mc,500,0.5,134.0,4.897839799950911,37.478104136870854,37.90074680387911,-0.4226426670082546,0.4226426670082546,True,1.3687863953250856
mc,500,0.5,136.0,4.912654885736052,42.184917352502715,39.776472860137446,2.4084444923652697,2.4084444923652697,True,1.4680254365100647
mc,500,0.5,138.0,4.927253685157205,43.827434910753894,41.66411405924076,2.1633208515131344,2.1633208515131344,True,1.427986567045222
mc,500,0.5,140.0,4.941642422609304,44.441663820353526,43.5624021802559,0.8792616400976243,0.8792616400976243,True,1.3306552560584
mc,500,0.5,142.0,4.955827057601261,42.87497073223936,45.47021559228258,-2.5952448600432163,2.5952448600432163,True,1.4011278738978103
mc,500,0.5,144.0,4.969813299576001,45.97059434865361,47.38656239751086,-1.4159680488572448,1.4159680488572448,True,1.3414624991421433
mc,500,0.5,146.0,4.983606621708336,50.03070426765459,49.31056508885026,0.720139178804331,0.720139178804331,True,1.4415271765194373
mc,500,0.5,148.0,4.997212273764115,53.4209667024151,51.24144674286675,2.179519959548351,2.179519959548351,True,1.5075822467243516
mc,500,0.5,150.0,5.0106352940962555,53.775365902571785,53.17851870941327,0.5968471931585171,0.5968471931585171,True,1.5643628157324772
mc,500,0.5,152.0,5.0238805208462765,53.647177475697596,55.1211697191142,-1.4739922434166033,1.4739922434166033,True,1.46884532420499
mc,500,0.5,154.0,5.0369526024136295,56.38706495405529,57.06885630483131,-0.6817913507760167,0.6817913507760167,True,1.4296461986827333
mc,500,0.5,156.0,5.049856007249537,58.47407723085771,59.021094419876334,-0.5470171890186251,0.5470171890186251,True,1.5132948186034971
mc,500,0.5,158.0,5.062595033026967,61.017978777892424,60.977452131034354,0.04052664685806917,0.04052664685806917,True,1.4910030685270654
mc,500,0.5,160.0,5.075173815233827,61.18130202376259,62.93754326592785,-1.7562412421652596,1.7562412421652596,True,1.501263155981195
mc,500,0.5,162.0,5.087596335232384,66.48144016709585,64.90102189988457,1.5804182672112859,1.5804182672112859,True,1.567007618436363
mc,500,0.5,164.0,5.099866427824199,67.81064704554953,66.8675775756962,0.9430694698533273,0.9430694698533273,True,1.6276005208794255
mc,500,0.5,166.0,5.111987788356544,69.15714989294226,68.83693115930424,0.3202187336380149,0.3202187336380149,True,1.6527746089951276
mc,500,0.5,168.0,5.123963979403259,70.73646032248969,70.80883124464373,-0.07237092215403607,0.07237092215403607,True,1.6824787074124101
mc,500,0.5,170.0,5.135798437050262,74.44654568707104,72.78305103101533,1.663494656055704,1.663494656055704,True,1.7815454799882564
mc,500,0.5,172.0,5.147494476813453,72.6547182794611,74.75938560603612,-2.1046673265750258,2.1046673265750258,True,1.6565346102133398
mc,500,0.5,174.0,5.159055299214529,80.30915293369182,76.73764957619125,3.571503357500575,3.571503357500575,True,1.8260343210378605
mc,500,0.5,176.0,5.170483995038151,79.98403806753602,78.71767499513054,1.2663630724054826,1.2663630724054826,True,1.722714248453259
mc,500,0.5,178.0,5.181783550292085,78.40310786442569,80.69930954709343,-2.2962016826677427,2.2962016826677427,True,1.813809514795409
mc,500,0.5,180.0,5.19295685089021,80.8380660436888,82.6824149491827,-1.8443489054939022,1.8443489054939022,True,1.9565331174178489
mc,500,0.5,182.0,5.204006687076795,88.4276827572293,84.66686554171581,3.760817215513498,3.760817215513498,True,1.848729187412329
mc,500,0.5,184.0,5.214935757608986,86.94168808136784,86.65254704060229,0.289141040765557,0.289141040765557,True,1.877030632716079
mc,500,0.5,186.0,5.225746673713202,89.66960658382942,88.63935542971824,1.030251154111184,1.030251154111184,True,1.8563671500414447
mc,500,0.5,188.0,5.236441962829949,90.65942815478365,90.62719597465701,0.0322321801266412,0.0322321801266412,True,1.8464817021622693
mc,500,0.5,190.0,5.247024072160486,92.24884587263267,92.61598234209876,-0.36713646946608947,0.36713646946608947,True,1.9057710644731685
mc,500,0.5,192.0,5.2574953720277815,91.86826273857743,94.60563581144287,-2.737373072865438,2.737373072865438,True,2.0248887182337834
mc,500,0.5,194.0,5.267858159063328,96.87249252768291,96.59608456736095,0.27640796032196135,0.27640796032196135,True,2.043730959960335
mc,500,0.5,196.0,5.278114659230517,98.00526301616406,98.58726306359765,-0.5820000474335814,0.5820000474335814,True,1.930824993695521
mc,500,0.5,198.0,5.288267030694535,101.5692240827257,100.57911144974983,0.9901126329758654,0.9901126329758654,True,2.2189610492988634
mc,500,0.5,200.0,5.298317366548036,104.6235413441947,102.5715750539136,2.0519662902811007,2.0519662902811007,True,2.0709152547133836
mc,500,1.0,50.0,3.912023005428146,0.1475596563186807,0.1634110378270394,-0.015851381508358686,0.015851381508358686,False,0.07224795713021413
mc,500,1.0,52.0,3.9512437185814275,0.23746916421245493,0.22837888724870267,0.009090276963752253,0.009090276963752253,False,0.10174424706999977
mc,500,1.0,54.0,3.9889840465642745,0.21121719699656308,0.31297391312589046,-0.10175671612932738,0.10175671612932738,False,0.07238299024971921
mc,500,1.0,56.0,4.02535169073515,0.4062973091666388,0.4210806673500947,-0.014783358183455886,0.014783358183455886,False,0.13794404685811973
mc,500,1.0,58.0,4.060443010546419,0.6661522472848194,0.5568193567981432,0.10933289048667616,0.10933289048667616,False,0.16741949950727952
mc,500,1.0,60.0,4.0943445622221,0.8201319871122102,0.724452082421889,0.09567990469032128,0.09567990469032128,False,0.23375010740728705
mc,500,1.0,62.0,4.127134385045092,0.9686380383174276,0.9282793518803522,0.04035868643707541,0.04035868643707541,False,0.22396663491724791
mc,500,1.0,64.0,4.1588830833596715,1.4184856776992123,1.1725330408067594,0.24595263689245295,0.24595263689245295,False,0.29570848812492495
mc,500,1.0,66.0,4.189654742026425,1.3589945213042651,1.46127187152099,-0.1022773502167249,0.1022773502167249,False,0.2622505690006398
mc,500,1.0,68.0,4.219507705176107,1.9962868742756745,1.7982848389180548,0.19800203535761973,0.19800203535761973,False,0.40186492089069353
mc,500,1.0,70.0,4.248495242049359,2.1621857187900297,2.1870069899911195,-0.02482127120108979,0.02482127120108979,False,0.34270423245569726
mc,500,1.0,72.0,4.276666119016055,2.562382181497364,2.6304507209613806,-0.06806853946401636,0.06806853946401636,False,0.36251669104484413
mc,500,1.0,74.0,4.30406509320417,3.269522477540284,3.1311544498842157,0.13836802765606837,0.13836802765606837,False,0.45370419625031533
mc,500,1.0,76.0,4.330733340286331,4.024507352652859,3.691149281831378,0.3333580708214807,0.3333580708214807,False,0.4823509125135285
mc,500,1.0,78.0,4.356708826689592,4.768977160664004,4.3119432019140325,0.4570339587499719,0.4570339587499719,False,0.5885095529227932
mc,500,1.0,80.0,4.382026634673881,5.632574134110058,4.994521465211142,0.6380526688989159,0.6380526688989159,False,0.6656890438091798
mc,500,1.0,82.0,4.406719247264253,4.520349238011813,5.739361225436797,-1.2190119874249836,1.2190119874249836,False,0.5553995746918783
mc,500,1.0,84.0,4.430816798843313,6.506448938956291,6.546458052372895,-0.040009113416603626,0.040009113416603626,False,0.7190205784379928
mc,500,1.0,86.0,4.454347296253507,7.520831988801425,7.41536180893018,0.1054701798712454,0.1054701798712454,False,0.7029436985235245
mc,500,1.0,88.0,4.477336814478207,9.76378380943229,8.345219357611029,1.4185644518212612,1.4185644518212612,False,0.8503873081215028
mc,500,1.0,90.0,4.499809670330265,7.716464687001677,9.334821703223547,-1.6183570162218697,1.6183570162218697,False,0.7762346533748706
mc,500,1.0,92.0,4.5217885770490405,11.074827367242404,10.382653413693644,0.6921739535487603,0.6921739535487603,False,0.935530690068751
mc,500,1.0,94.0,4.543294782270004,10.715994009480138,11.486942456675983,-0.7709484471958454,0.7709484471958454,False,0.8723739420232363
mc,500,1.0,96.0,4.564348191467836,12.795561607015653,12.645708914629552,0.14985269238610144,0.14985269238610144,False,0.9979378030110705
mc,500,1.0,98.0,4.584967478670572,14.123190786660988,13.85681136964136,0.2663794170196283,0.2663794170196283,False,0.9969163942994348
mc,500,1.0,100.0,4.605170185988092,15.384491517985742,15.117990062545347,0.2665014554403946,0.2665014554403946,False,1.0600904387762642
mc,500,1.0,102.0,4.624972813284271,17.90329921266167,16.426906215761704,1.476392996899964,1.476392996899964,True,1.1442855013876403
mc,500,1.0,104.0,4.6443908991413725,16.721376037145106,17.781177157935474,-1.0598011207903681,1.0598011207903681,True,1.0767142428801721
mc,500,1.0,106.0,4.663439094112067,19.530061488365252,19.178407097272355,0.35165439109289665,0.35165439109289665,True,1.1798320030922573
mc,500,1.0,108.0,4.68213122712422,21.601127395506925,20.616213559093275,0.98491383641365,0.98491383641365,True,1.243352672183872
mc,500,1.0,110.0,4.700480365792417,21.4580725430986,22.092249633516513,-0.6341770904179143,0.6341770904179143,True,1.2160947813717347
mc,500,1.0,112.0,4.718498871295094,24.33754936354457,23.604222274832683,0.7333270887118886,0.7333270887118886,True,1.3560522653095706
mc,500,1.0,114.0,4.736198448394496,25.280300822268114,25.149906959428957,0.13039386283915633,0.13039386283915633,True,1.3693807337696577
mc,500,1.0,116.0,4.7535901911063645,26.88621399005967,26.727159048781232,0.15905494127843767,0.15905494127843767,True,1.4633972160330846
mc,500,1.0,118.0,4.770684624465665,28.091310714298917,28.333922222794314,-0.24261150849539703,0.24261150849539703,True,1.5447245564397643
mc,500,1.0,120.0,4.787491742782046,29.878545309442377,29.968234351066304,-0.08968904162392732,0.08968904162392732,True,1.4864204792994002
mc,500,1.0,122.0,4.804021044733257,33.91608545223688,31.628231159520634,2.2878542927162435,2.2878542927162435,True,1.6117443555642064
mc,500,1.0,124.0,4.820281565605037,34.93327300468097,33.312148030760774,1.621124973920196,1.621124973920196,True,1.5898953490159453
mc,500,1.0,126.0,4.836281906951478,34.710067350278415,35.01832025142874,-0.30825290115032544,0.30825290115032544,True,1.6597773618923672
mc,500,1.0,128.0,4.852030263919617,37.86920519234397,36.74518199117959,1.124023201164377,1.124023201164377,True,1.7881485121962228
mc,500,1.0,130.0,4.867534450455582,38.02118873613097,38.491264267545375,-0.47007553141440184,0.47007553141440184,True,1.8703779542075953
mc,500,1.0,132.0,4.882801922586371,38.70496900269511,40.25519212041186,-1.5502231177167545,1.5502231177167545,True,1.6940865073967748
mc,500,1.0,134.0,4.897839799950911,41.87954900135609,42.035681190148146,-0.15613218879205704,0.15613218879205704,True,1.8546143129808716
mc,500,1.0,136.0,4.912654885736052,42.568548156332994,43.831533865373174,-1.26298570904018,1.26298570904018,True,1.8015656962012794
mc,500,1.0,138.0,4.927253685157205,45.011315287303965,45.64163514039854,-0.6303198530945764,0.6303198530945764,True,1.764126062207314
mc,500,1.0,140.0,4.941642422609304,46.567999176152185,47.464948298843645,-0.8969491226914599,0.8969491226914599,True,1.872906576768598
mc,500,1.0,142.0,4.955827057601261,49.12400280641542,49.300510518888046,-0.17650771247262753,0.17650771247262753,True,1.8810522889624097
mc,500,1.0,144.0,4.969813299576001,52.2632745664111,51.14742847710924,1.1158460893018614,1.1158460893018614,True,1.9887242902688689
mc,500,1.0,146.0,4.983606621708336,51.31162588924274,53.00487401177295,-1.693248122530207,1.693248122530207,True,1.9888342194948867
mc,500,1.0,148.0,4.997212273764115,55.63421939192361,54.87207989262816,0.7621394992954507,0.7621394992954507,True,2.066287748814536
mc,500,1.0,150.0,5.0106352940962555,58.25948060041657,56.7483357325589,1.5111448678576735,1.5111448678576735,True,2.271824818525524
mc,500,1.0,152.0,5.0238805208462765,58.64361024988555,58.63298406662994,0.010626183255610044,0.010626183255610044,True,2.0477908713236137
mc,500,1.0,154.0,5.0369526024136295,59.52968382737307,60.52541661594325,-0.9957327885701801,0.9957327885701801,True,2.069085547683826
mc,500,1.0,156.0,5.049856007249537,62.09002389000377,62.42507074708173,-0.33504685707796256,0.33504685707796256,True,2.3642308132361975
mc,500,1.0,158.0,5.062595033026967,61.92222512547494,64.33142613256601,-2.4092010070910703,2.4092010070910703,True,2.2211272832133226
mc,500,1.0,160.0,5.075173815233827,65.42824948519755,66.24400161349901,-0.8157521283014546,0.8157521283014546,True,2.1662858284363917
mc,500,1.0,162.0,5.087596335232384,67.85832045123588,68.16235226226517,-0.3040318110292901,0.3040318110292901,True,2.3149134878432247
mc,500,1.0,164.0,5.099866427824199,73.0447291913733,70.08606664062279,2.9586625507505175,2.9586625507505175,True,2.3341771305914247
mc,500,1.0,166.0,5.111987788356544,76.42419546854521,72.01476424666058,4.409431221884631,4.409431221884631,True,2.3771240368924875
mc,500,1.0,168.0,5.123963979403259,75.87731470693303,73.94809314275734,1.9292215641756911,1.9292215641756911,True,2.4542645178256857
mc,500,1.0,170.0,5.135798437050262,71.43192254600852,75.88572775578653,-4.453805209778011,4.453805209778011,True,2.2118677827128175
mc,500,1.0,172.0,5.147494476813453,81.30332898536028,77.82736684026604,3.4759621450942433,3.4759621450942433,True,2.313766667319467
mc,500,1.0,174.0,5.159055299214529,81.51597544353824,79.77273159489253,1.7432438486457045,1.7432438486457045,True,2.6687123861114976
mc,500,1.0,176.0,5.170483995038151,81.73595192165669,81.7215639228451,0.01438799881158559,0.01438799881158559,True,2.4904223551747977
mc,500,1.0,178.0,5.181783550292085,82.52078017358211,83.673624826373,-1.1528446527908898,1.1528446527908898,True,2.6750787275340415
mc,500,1.0,180.0,5.19295685089021,82.99210714151404,85.62869292641655,-2.6365857849025076,2.6365857849025076,True,2.704884438363953
mc,500,1.0,182.0,5.204006687076795,86.03509243086131,87.58656309835582,-1.5514706674945131,1.5514706674945131,True,2.663526376226162
mc,500,1.0,184.0,5.214935757608986,88.32922032008032,89.54704521536969,-1.2178248952893682,1.2178248952893682,True,2.6526490184272644
mc,500,1.0,186.0,5.225746673713202,92.67926328870502,91.50996299133207,1.169300297372942,1.169300297372942,True,2.8633842728271013
mc,500,1.0,188.0,5.236441962829949,97.45486290432318,93.47515291563319,3.97970998868999,3.97970998868999,True,2.7854638253686472
mc,500,1.0,190.0,5.247024072160486,93.69069337580093,95.44246327278175,-1.751769896980818,1.751769896980818,True,2.7610442663339945
mc,500,1.0,192.0,5.2574953720277815,95.92423139527314,97.41175324011412,-1.487521844840984,1.487521844840984,True,2.7579363729060544
mc,500,1.0,194.0,5.267858159063328,96.68112253357849,99.38289205740084,-2.7017695238223496,2.7017695238223496,True,2.6929139171007628
mc,500,1.0,196.0,5.278114659230517,102.36512654874791,101.35575826258274,1.00936828616517,1.00936828616517,True,2.8624295142411587
mc,500,1.0,198.0,5.288267030694535,104.64985530044704,103.33023898829941,1.3196163121476303,1.3196163121476303,True,3.1223380263831713
mc,500,1.0,200.0,5.298317366548036,110.49707575764094,105.30622931427729,5.190846443363654,5.190846443363654,True,3.099876923073633
mc,500,1.5,50.0,3.912023005428146,0.3531338908447275,0.5887733428240653,-0.23563945197933783,0.23563945197933783,False,0.11236421891288542
mc,500,1.5,52.0,3.9512437185814275,0.6476398110768208,0.7614064106834673,-0.11376659960664648,0.11376659960664648,False,0.20552068223526138
mc,500,1.5,54.0,3.9889840465642745,0.8378006920598607,0.968632146781214,-0.13083145472135327,0.13083145472135327,False,0.2440854400061993
mc,500,1.5,56.0,4.02535169073515,1.4521460473589713,1.2138170518288447,0.23832899553012665,0.23832899553012665,False,0.29591862191717744
mc,500,1.5,58.0,4.060443010546419,1.5185361520081733,1.5001053489181926,0.018430803089980685,0.018430803089980685,False,0.3152708433188741
mc,500,1.5,60.0,4.0943445622221,1.8189431085507524,1.830363575811897,-0.011420467261144651,0.011420467261144651,False,0.3633396856345847
mc,500,1.5,62.0,4.127134385045092,2.4887060573315996,2.2071370865754125,0.28156897075618703,0.28156897075618703,False,0.46599435710694626
mc,500,1.5,64.0,4.1588830833596715,2.047606710042129,2.632618819032136,-0.5850121089900067,0.5850121089900067,False,0.40489745335177807
mc,500,1.5,66.0,4.189654742026425,3.6484833723934007,3.1086300094229107,0.53985336297049,0.53985336297049,False,0.5538602738101503
mc,500,1.5,68.0,4.219507705176107,3.627904043861002,3.6366120142382274,-0.008707970377225482,0.008707970377225482,False,0.5064043165857363
mc,500,1.5,70.0,4.248495242049359,2.9774606583026544,4.2176280326425015,-1.2401673743398471,1.2401673743398471,False,0.4006704400003679
mc,500,1.5,72.0,4.276666119016055,4.9333213584787154,4.852373299264322,0.08094805921439363,0.08094805921439363,False,0.5843378590629119
mc,500,1.5,74.0,4.30406509320417,5.413390300555737,5.541192216424054,-0.12780191586831702,0.12780191586831702,False,0.6610439570474144
mc,500,1.5,76.0,4.330733340286331,5.991254204435411,6.284100893383053,-0.292846688947642,0.292846688947642,False,0.652714958051215
mc,500,1.5,78.0,4.356708826689592,6.097883488638861,7.08081363361126,-0.9829301449723991,0.9829301449723991,False,0.7522205677371866
mc,500,1.5,80.0,4.382026634673881,7.097588821084938,7.930772036639782,-0.8331832155548442,0.8331832155548442,False,0.8010155345169467
mc,500,1.5,82.0,4.406719247264253,7.840692693706985,8.833175538925051,-0.9924828452180661,0.9924828452180661,False,0.8378145674248327
mc,500,1.5,84.0,4.430816798843313,12.168240186017343,9.787012391901422,2.3812277941159206,2.3812277941159206,False,1.1103947603002509
mc,500,1.5,86.0,4.454347296253507,10.359849162781918,10.7910902522436,-0.4312410894616825,0.4312410894616825,False,0.9141616571512021
mc,500,1.5,88.0,4.477336814478207,11.77027721064073,11.844065729869865,-0.07378851922913476,0.07378851922913476,False,0.9774618745386515
mc,500,1.5,90.0,4.499809670330265,11.380568255982284,12.944472396949896,-1.5639041409676118,1.5639041409676118,False,1.0176439453786323
mc,500,1.5,92.0,4.5217885770490405,14.620548998724765,14.090746902171142,0.5298020965536221,0.5298020965536221,False,1.1866924838799717
mc,500,1.5,94.0,4.543294782270004,14.58940676552385,15.281252956777017,-0.6918461912531662,0.6918461912531662,False,1.1128461555564735
mc,500,1.5,96.0,4.564348191467836,15.769041930027,16.514303061935667,-0.7452611319086664,0.7452611319086664,False,1.2073770863686348
mc,500,1.5,98.0,4.584967478670572,15.257454610329997,17.788177931408164,-2.5307233210781668,2.5307233210781668,False,1.207948326593578
mc,500,1.5,100.0,4.605170185988092,16.932641678340456,19.10114363057415,-2.1685019522336937,2.1685019522336937,False,1.2885705638615907
mc,500,1.5,102.0,4.624972813284271,21.360126216130507,20.451466504378626,0.9086597117518806,0.9086597117518806,True,1.3242167759803054
mc,500,1.5,104.0,4.6443908991413725,21.81041088091778,21.837426004645213,-0.027015123727434087,0.027015123727434087,True,1.560681660499929
mc,500,1.5,106.0,4.663439094112067,23.228480805046914,23.25732555346866,-0.028844748421747113,0.028844748421747113,True,1.4874909104673977
mc,500,1.5,108.0,4.68213122712422,24.732297777201442,24.709501596004134,0.02279618119730742,0.02279618119730742,True,1.4853767988484325
mc,500,1.5,110.0,4.700480365792417,25.30749092991587,26.19233100472104,-0.8848400748051723,0.8848400748051723,True,1.6392913845647121
mc,500,1.5,112.0,4.718498871295094,26.824659249399822,27.704236999727943,-0.8795777503281208,0.8795777503281208,True,1.6711333883960386
mc,500,1.5,114.0,4.736198448394496,29.647542156712593,29.243693747527793,0.4038484091847998,0.4038484091847998,True,1.6991704040654583
mc,500,1.5,116.0,4.7535901911063645,36.703321652448025,30.809229794764256,5.894091857683769,5.894091857683769,True,2.0010214690967087
mc,500,1.5,118.0,4.770684624465665,33.31594271264997,32.39943048520211,0.9165122274478605,0.9165122274478605,True,1.7717963427367276
mc,500,1.5,120.0,4.787491742782046,32.07881777821345,34.012939498187116,-1.9341217199736676,1.9341217199736676,True,1.6774803775945486
mc,500,1.5,122.0,4.804021044733257,36.87194670774018,35.64845963585086,1.2234870718893163,1.2234870718893163,True,1.8773643117733414
mc,500,1.5,124.0,4.820281565605037,38.00262800193659,37.30475297488213,0.6978750270544651,0.6978750270544651,True,1.9692768926536488
mc,500,1.5,126.0,4.836281906951478,39.9826711547444,38.9806404872111,1.0020306675333046,1.0020306675333046,True,2.134231587928589
mc,500,1.5,128.0,4.852030263919617,38.95736068355099,40.67500122273497,-1.7176405391839822,1.7176405391839822,True,1.9410579326855817
mc,500,1.5,130.0,4.867534450455582,42.352882624860804,42.38677113648775,-0.03388851162694806,0.03388851162694806,True,2.061372792052306
mc,500,1.5,132.0,4.882801922586371,46.90727478227945,44.11494163256662,2.7923331497128316,2.7923331497128316,True,2.4103185720188303
mc,500,1.5,134.0,4.897839799950911,45.161233234295516,45.85855788776555,-0.6973246534700337,0.6973246534700337,True,2.434572195060224
mc,500,1.5,136.0,4.912654885736052,49.0138230161175,47.61671700928652,1.397106006830981,1.397106006830981,True,2.1088852404108773
mc,500,1.5,138.0,4.927253685157205,46.257042153600906,49.38856607311198,-3.131523919511075,3.131523919511075,True,2.0713322410927337
mc,500,1.5,140.0,4.941642422609304,50.6047638230459,51.173300082623,-0.5685362595771011,0.5685362595771011,True,2.2982184496426394
mc,500,1.5,142.0,4.955827057601261,53.94620796543914,52.97015988080409,0.9760480846350532,0.9760480846350532,True,2.3901761129202908
mc,500,1.5,144.0,4.969813299576001,56.15519506630521,54.77843004385079,1.3767650224544212,1.3767650224544212,True,2.436873606782348
mc,500,1.5,146.0,4.983606621708336,53.15579562264541,56.5974367791447,-3.441641156499294,3.441641156499294,True,2.3456848968523945
mc,500,1.5,148.0,4.997212273764115,55.59603979332752,58.42654584631849,-2.8305060529909696,2.8305060529909696,True,2.392004350595421
mc,500,1.5,150.0,5.0106352940962555,59.378246308219,60.265160516462565,-0.8869142082435673,0.8869142082435673,True,2.5765066715676412
mc,500,1.5,152.0,5.0238805208462765,62.25310949407763,62.112719581356295,0.14038991272133217,0.14038991272133217,True,2.552945617167151
mc,500,1.5,154.0,5.0369526024136295,60.68200284719649,63.96869542189731,-3.2866925747008153,3.2866925747008153,True,2.58739373625773
mc,500,1.5,156.0,5.049856007249537,65.61998470779928,65.83259214259549,-0.2126074347962117,0.2126074347962117,True,2.749339925572511
mc,500,1.5,158.0,5.062595033026967,68.39193557591294,67.70394377705186,0.6879917988610771,0.6879917988610771,True,2.7993196230799366
mc,500,1.5,160.0,5.075173815233827,65.69257958150064,69.58231256770728,-3.8897329862066385,3.8897329862066385,True,2.7619989713683446
mc,500,1.5,162.0,5.087596335232384,69.53852970950149,71.46728732179065,-1.9287576122891608,1.9287576122891608,True,2.9987651754135274
mc,500,1.5,164.0,5.099866427824199,75.19538212228188,73.35848184427277,1.8369002780091108,1.8369002780091108,True,2.870097241688026
mc,500,1.5,166.0,5.111987788356544,70.02616598914983,75.25553344771937,-5.229367458569541,5.229367458569541,True,2.971005150034867
mc,500,1.5,168.0,5.123963979403259,76.63606398994042,77.15810153820148,-0.5220375482610535,0.5220375482610535,True,2.8291513045374077
mc,500,1.5,170.0,5.135798437050262,76.36194308827665,79.06586627583155,-2.7039231875549063,2.7039231875549063,True,2.881085955686616
mc,500,1.5,172.0,5.147494476813453,74.4817687994845,80.9785273080376,-6.4967585085531,6.4967585085531,True,2.8900216810782244
mc,500,1.5,174.0,5.159055299214529,80.86290794887233,82.89580257334389,-2.0328946244715524,2.0328946244715524,True,3.088240926886979
mc,500,1.5,176.0,5.170483995038151,80.95672323930363,84.81742717315927,-3.860703933855646,3.860703933855646,True,2.9977896160182715
mc,500,1.5,178.0,5.181783550292085,82.06717894897494,86.74315230890518,-4.675973359930239,4.675973359930239,True,3.0273491960187218
mc,500,1.5,180.0,5.19295685089021,90.00229397599868,88.67274428168611,1.3295496943125755,1.3295496943125755,True,3.1512232241267113
mc,500,1.5,182.0,5.204006687076795,89.96671673376024,90.60598355164936,-0.6392668178891228,0.6392668178891228,True,3.1164919372889615
mc,500,1.5,184.0,5.214935757608986,94.62277883773888,92.54266385415086,2.080114983588018,2.080114983588018,True,3.364303570984091
mc,500,1.5,186.0,5.225746673713202,89.44221328426512,94.48259136985816,-5.040378085593034,5.040378085593034,True,2.9942583320066194
mc,500,1.5,188.0,5.236441962829949,97.76928348592917,96.42558394595957,1.3436995399695917,1.3436995399695917,True,3.508579283746554
mc,500,1.5,190.0,5.247024072160486,102.9715754648468,98.37147036570833,4.60010509913846,4.60010509913846,True,3.6093837471556776
mc,500,1.5,192.0,5.2574953720277815,103.26089481791188,100.3200896636053,2.940805154306574,2.940805154306574,True,3.540503553956402
mc,500,1.5,194.0,5.267858159063328,104.80544313805221,102.27129048361545,2.5341526544367667,2.5341526544367667,True,3.2646819772780558
mc,500,1.5,196.0,5.278114659230517,106.78292220961784,104.22493047790869,2.5579917317091514,2.5579917317091514,True,3.4722356288770397
mc,500,1.5,198.0,5.288267030694535,108.5595181221478,106.18087574372058,2.378642378427216,2.378642378427216,True,3.740378041367104
mc,500,1.5,200.0,5.298317366548036,101.25839206715891,108.13900029603367,-6.880608228874763,6.880608228874763,True,3.187682858896197
mc,500,2.0,50.0,3.912023005428146,1.5647985681384462,1.2589833602466978,0.30581520789174843,0.30581520789174843,False,0.5281763031035653
mc,500,2.0,52.0,3.9512437185814275,1.9823109140708102,1.551535749482354,0.4307751645884561,0.4307751645884561,False,0.49836576135951766
mc,500,2.0,54.0,3.9889840465642745,1.6536633166491543,1.8868080839901586,-0.2331447673410043,0.2331447673410043,False,0.38404637414889753
mc,500,2.0,56.0,4.02535169073515,2.339996044402023,2.266851725903503,0.0731443184985201,0.0731443184985201,False,0.44761949916098276
mc,500,2.0,58.0,4.060443010546419,2.9329025763784227,2.6933828881675757,0.23951968821084701,0.23951968821084701,False,0.5238239676426504
mc,500,2.0,60.0,4.0943445622221,2.6910031764006006,3.1677797243748533,-0.47677654797425273,0.47677654797425273,False,0.5069554368263458
mc,500,2.0,62.0,4.127134385045092,4.368784171675541,3.6910874611443334,0.6776967105312077,0.6776967105312077,False,0.6206365632494585
mc,500,2.0,64.0,4.1588830833596715,3.314974104559288,4.264030119395751,-0.9490560148364628,0.9490560148364628,False,0.5450470218242905
mc,500,2.0,66.0,4.189654742026425,4.146663270447723,4.887027400523635,-0.7403641300759123,0.7403641300759123,False,0.5452110843449172
mc,500,2.0,68.0,4.219507705176107,4.5509148025459325,5.560215405918465,-1.009300603372533,1.009300603372533,False,0.6256053675039555
mc,500,2.0,70.0,4.248495242049359,5.847134529958692,6.283469990774782,-0.43633546081609076,0.43633546081609076,False,0.7238797168361881
mc,500,2.0,72.0,4.276666119016055,8.092518361528992,7.056431707273529,1.0360866542554623,1.0360866542554623,False,0.9762852035331857
mc,500,2.0,74.0,4.30406509320417,7.930781400738666,7.8785314539083116,0.05224994683035433,0.05224994683035433,False,0.8899185206476028
mc,500,2.0,76.0,4.330733340286331,9.390810434105928,8.749016106683472,0.6417943274224562,0.6417943274224562,False,0.9450040126085467
mc,500,2.0,78.0,4.356708826689592,8.031004610905827,9.666973557167337,-1.6359689462615101,1.6359689462615101,False,0.824243087567154
mc,500,2.0,80.0,4.382026634673881,10.546787735998596,10.631356717614514,-0.0845689816159183,0.0845689816159183,False,1.1279307210430136
mc,500,2.0,82.0,4.406719247264253,11.207942152129151,11.641006172313999,-0.43306402018484746,0.43306402018484746,False,1.0172764637136766
mc,500,2.0,84.0,4.430816798843313,12.775079531625776,12.694671256228183,0.08040827539759299,0.08040827539759299,False,1.3646558424707542
mc,500,2.0,86.0,4.454347296253507,14.432295783760889,13.791029427192841,0.6412663565680479,0.6412663565680479,False,1.4080679700716103
mc,500,2.0,88.0,4.477336814478207,16.119948642602758,14.928703867478696,1.191244775124062,1.191244775124062,False,1.42026236436558
mc,500,2.0,90.0,4.499809670330265,15.955320620405521,16.106279305834924,-0.15095868542940316,0.15095868542940316,False,1.2753974716608971
mc,500,2.0,92.0,4.5217885770490405,18.630089509447163,17.322316093909112,1.3077734155380512,1.3077734155380512,False,1.575642892799221
mc,500,2.0,94.0,4.543294782270004,17.64545275286171,18.575362602896835,-0.9299098500351235,0.9299098500351235,False,1.4998934198833245
mc,500,2.0,96.0,4.564348191467836,20.543975284268548,19.8639660291078,0.6800092551607477,0.6800092551607477,False,1.6956518900076043
mc,500,2.0,98.0,4.584967478670572,21.90891895525279,21.186681712412497,0.7222372428402934,0.7222372428402934,False,1.6526371686410886
mc,500,2.0,100.0,4.605170185988092,22.425287982300624,22.542081080686568,-0.1167930983859442,0.1167930983859442,False,1.6208189780246636
mc,500,2.0,102.0,4.624972813284271,24.22391101451465,23.928758337653864,0.29515267686078417,0.29515267686078417,True,1.6809509184819138
mc,500,2.0,104.0,4.6443908991413725,26.101867739576186,25.345336012034142,0.7565317275420433,0.7565317275420433,True,1.8720006974059968
mc,500,2.0,106.0,4.663439094112067,26.721858394432797,26.79046948354769,-0.06861108911489211,0.06861108911489211,True,1.7778660897579903
mc,500,2.0,108.0,4.68213122712422,28.197526131513165,28.26285059689163,-0.06532446537846681,0.06532446537846681,True,2.099666561910961
mc,500,2.0,110.0,4.700480365792417,28.402055197533436,29.76121046890271,-1.359155271369275,1.359155271369275,True,1.6991812551419485
mc,500,2.0,112.0,4.718498871295094,31.168664656434892,31.28432158727867,-0.1156569308437767,0.1156569308437767,True,1.9350671636978152
mc,500,2.0,114.0,4.736198448394496,32.031153531466344,32.83099929183904,-0.7998457603726976,0.7998457603726976,True,2.015130531849985
mc,500,2.0,116.0,4.7535901911063645,36.04414434934678,34.400102721684625,1.6440416276621548,1.6440416276621548,True,2.0801666706723525
mc,500,2.0,118.0,4.770684624465665,34.03943487075994,35.99053530400359,-1.9511004332436528,1.9511004332436528,True,2.2034155907259527
mc,500,2.0,120.0,4.787491742782046,36.808533465413156,37.601244852837354,-0.7927113874241982,0.7927113874241982,True,2.0653908505435172
mc,500,2.0,122.0,4.804021044733257,37.57256902407049,39.2312233390041,-1.6586543149336137,1.6586543149336137,True,2.297630486186091
mc,500,2.0,124.0,4.820281565605037,41.94990585061632,40.879506385648725,1.0703994649675934,1.0703994649675934,True,2.292054353873331
mc,500,2.0,126.0,4.836281906951478,44.99185992172056,42.54517253761565,2.446687384104912,2.446687384104912,True,2.442368676115812
mc,500,2.0,128.0,4.852030263919617,43.124678812947664,44.22734234704226,-1.1026635340945958,1.1026635340945958,True,2.46176665170358
mc,500,2.0,130.0,4.867534450455582,46.97573519204258,45.925177312260736,1.0505578797818416,1.0505578797818416,True,2.6055130482921114
mc,500,2.0,132.0,4.882801922586371,46.27017168831338,47.63787870227131,-1.3677070139579257,1.3677070139579257,True,2.465953255211698
mc,500,2.0,134.0,4.897839799950911,53.947344572427276,49.36468629469242,4.582658277734858,4.582658277734858,True,2.6811041779115685
mc,500,2.0,136.0,4.912654885736052,56.88031361532968,51.104877051182896,5.775436564146787,5.775436564146787,True,2.828976142453764
mc,500,2.0,138.0,4.927253685157205,50.33081157823342,52.85776375084181,-2.5269521726083894,2.5269521726083894,True,2.6525402244136327
mc,500,2.0,140.0,4.941642422609304,51.33535854602505,54.62269359899473,-3.2873350529696808,3.2873350529696808,True,2.605911551175172
mc,500,2.0,142.0,4.955827057601261,58.139251572319345,56.399046826035885,1.7402047462834602,1.7402047462834602,True,3.054919793721808
mc,500,2.0,144.0,4.969813299576001,64.15337148547488,58.186235288587454,5.967136196887424,5.967136196887424,True,2.8839264148121537
mc,500,2.0,146.0,4.983606621708336,64.09108643267464,59.98370108313241,4.107385349542234,4.107385349542234,True,3.025255117243531
mc,500,2.0,148.0,4.997212273764115,60.709222234334625,61.79091518043345,-1.0816929460988263,1.0816929460988263,True,2.9263895501397075
mc,500,2.0,150.0,5.0106352940962555,62.36792546226786,63.60737608745959,-1.2394506251917292,1.2394506251917292,True,2.9353417483460245
mc,500,2.0,152.0,5.0238805208462765,62.825157303144486,65.43260854215954,-2.607451239015056,2.607451239015056,True,2.8612637370098124
mc,500,2.0,154.0,5.0369526024136295,65.94510968051883,67.2661622452369,-1.321052564718073,1.321052564718073,True,3.046952907129686
mc,500,2.0,156.0,5.049856007249537,72.53743316121653,69.10761063206421,3.429822529152318,3.429822529152318,True,3.149157014812046
mc,500,2.0,158.0,5.062595033026967,71.98653315199027,70.95654968700912,1.0299834649811572,1.0299834649811572,True,3.254147332764161
mc,500,2.0,160.0,5.075173815233827,71.99775175921972,72.81259680171023,-0.8148450424905036,0.8148450424905036,True,3.102958826405674
mc,500,2.0,162.0,5.087596335232384,71.45202329129913,74.67538967822543,-3.223366386926301,3.223366386926301,True,3.1238777464548297
mc,500,2.0,164.0,5.099866427824199,78.70833339403488,76.54458527745672,2.1637481165781622,2.1637481165781622,True,3.3867065785097497
mc,500,2.0,166.0,5.111987788356544,77.77924224229699,78.41985881282655,-0.6406165705295592,0.6406165705295592,True,3.2917322905709114
mc,500,2.0,168.0,5.123963979403259,85.18746037925501,80.30090278883111,4.886557590423905,4.886557590423905,True,3.7932237682581262
mc,500,2.0,170.0,5.135798437050262,77.87789733558692,82.18742608380443,-4.309528748217502,4.309528748217502,True,3.142149218821553
mc,500,2.0,172.0,5.147494476813453,86.83221081969958,84.07915307599832,2.7530577437012624,2.7530577437012624,True,3.3715907283093536
mc,500,2.0,174.0,5.159055299214529,82.97444307248018,85.97582281190566,-3.0013797394254738,3.0013797394254738,True,3.3659742334140015
mc,500,2.0,176.0,5.170483995038151,89.3873364425882,87.87718821560388,1.5101482269843132,1.5101482269843132,True,3.625294673049059
mc,500,2.0,178.0,5.181783550292085,89.62857890155884,89.78301533780227,-0.1544364362434294,0.1544364362434294,True,3.841768020337736
mc,500,2.0,180.0,5.19295685089021,92.93467390766139,91.69308264318929,1.241591264472106,1.241591264472106,True,3.8001685088675465
mc,500,2.0,182.0,5.204006687076795,97.7730979360365,93.60718033463459,4.165917601401915,4.165917601401915,True,3.8612155371664243
mc,500,2.0,184.0,5.214935757608986,96.67308651443405,95.52510971276544,1.1479768016686052,1.1479768016686052,True,3.9929687163078826
mc,500,2.0,186.0,5.225746673713202,93.85495165937594,97.44668256942606,-3.591730910050117,3.591730910050117,True,3.4526816393396405
mc,500,2.0,188.0,5.236441962829949,101.19115563362415,99.37172061353205,1.8194350200921008,1.8194350200921008,True,3.71455539886794
mc,500,2.0,190.0,5.247024072160486,96.00193558902802,101.30005492784468,-5.298119338816662,5.298119338816662,True,3.621749640646507
mc,500,2.0,192.0,5.2574953720277815,103.75420797054626,103.23152545521167,0.5226825153345942,0.5226825153345942,True,4.160246050484942
mc,500,2.0,194.0,5.267858159063328,109.31233437166931,105.16598051285617,4.146353858813143,4.146353858813143,True,3.922810351493626
mc,500,2.0,196.0,5.278114659230517,108.54680205871401,107.10327633332794,1.443525725386067,1.443525725386067,True,4.099280900810898
mc,500,2.0,198.0,5.288267030694535,104.20349041712325,109.0432766307757,-4.839786213652445,4.839786213652445,True,3.513387862443526
mc,500,2.0,200.0,5.298317366548036,110.79137890845341,110.98585219124094,-0.19447328278752707,0.19447328278752707,True,4.382406953493058
mc,500,2.5,50.0,3.912023005428146,1.68653554567263,2.0939939138020502,-0.40745836812942016,0.40745836812942016,False,0.350792613182784
mc,500,2.5,52.0,3.9512437185814275,2.076705088687664,2.501008963769218,-0.424303875081554,0.424303875081554,False,0.3860308625735049
mc,500,2.5,54.0,3.9889840465642745,2.062755338045192,2.9542743330237244,-0.8915189949785325,0.8915189949785325,False,0.44697259017772156
mc,500,2.5,56.0,4.02535169073515,4.867012567259007,3.454715362912377,1.41229720434663,1.41229720434663,False,1.0813064720650205
mc,500,2.5,58.0,4.060443010546419,4.520590710259603,4.0029537762958824,0.5176369339637201,0.5176369339637201,False,0.7514159367477143
mc,500,2.5,60.0,4.0943445622221,4.5346799618105145,4.59932811009052,-0.0646481482800052,0.0646481482800052,False,0.6036330222570208
mc,500,2.5,62.0,4.127134385045092,5.091637970562173,5.243916701963171,-0.15227873140099746,0.15227873140099746,False,0.6826704226620152
mc,500,2.5,64.0,4.1588830833596715,5.587171244749065,5.936562144051382,-0.3493908993023167,0.3493908993023167,False,0.7629620881551591
mc,500,2.5,66.0,4.189654742026425,5.94281939336446,6.676896312095527,-0.7340769187310672,0.7340769187310672,False,0.7672589846390144
mc,500,2.5,68.0,4.219507705176107,7.733976592436667,7.464365260239511,0.2696113321971563,0.2696113321971563,False,1.0974602222912446
mc,500,2.5,70.0,4.248495242049359,10.541486161625954,8.298253434797084,2.24323272682887,2.24323272682887,False,1.2166763295241556
mc,500,2.5,72.0,4.276666119016055,8.532392947528017,9.177706802148153,-0.6453138546201362,0.6453138546201362,False,0.9151078504757163
mc,500,2.5,74.0,4.30406509320417,10.590424549962325,10.10175460624892,0.4886699437134059,0.4886699437134059,False,1.230331469458154
mc,500,2.5,76.0,4.330733340286331,10.542475254594178,11.069329570927023,-0.5268543163328445,0.5268543163328445,False,1.1181508350252602
mc,500,2.5,78.0,4.356708826689592,12.692762692974942,12.07928644288096,0.6134762500939814,0.6134762500939814,False,1.3096510553983038
mc,500,2.5,80.0,4.382026634673881,13.783951907813066,13.130418835205258,0.6535330726078072,0.6535330726078072,False,1.3734995924713145
mc,500,2.5,82.0,4.406719247264253,13.815342204111419,14.221474380567697,-0.4061321764562784,0.4061321764562784,False,1.3867056233890223
mc,500,2.5,84.0,4.430816798843313,17.74645380625724,15.351168240080773,2.395285566176467,2.395285566176467,False,1.687341139541774
mc,500,2.5,86.0,4.454347296253507,13.866025895022663,16.518195040524713,-2.65216914550205,2.65216914550205,False,1.281316000707178
mc,500,2.5,88.0,4.477336814478207,17.21614530945994,17.721239330772008,-0.5050940213120683,0.5050940213120683,False,1.4542131761278005
mc,500,2.5,90.0,4.499809670330265,21.313207238498784,18.958984659704818,2.3542225787939657,2.3542225787939657,False,1.7372763059758376
mc,500,2.5,92.0,4.5217885770490405,17.49514824128185,20.230121384035925,-2.7349731427540753,2.7349731427540753,False,1.526462491144887
mc,500,2.5,94.0,4.543294782270004,22.763809483916063,21.533353316457035,1.2304561674590282,1.2304561674590282,False,1.905386109863128
mc,500,2.5,96.0,4.564348191467836,23.621729758351737,22.867403323462984,0.7543264348887533,0.7543264348887533,False,2.0098763653049447
mc,500,2.5,98.0,4.584967478670572,23.978152747331247,24.231017978858798,-0.2528652315275508,0.2528652315275508,False,1.7630471171537392
mc,500,2.5,100.0,4.605170185988092,27.63707482033067,25.622971374028765,2.014103446301906,2.014103446301906,False,1.965747149613841
mc,500,2.5,102.0,4.624972813284271,28.79194011434277,27.042068180062774,1.7498719342799944,1.7498719342799944,True,2.075719978790964
mc,500,2.5,104.0,4.6443908991413725,26.56178331048588,28.487146050217035,-1.9253627397311561,1.9253627397311561,True,1.9523809683526598
mc,500,2.5,106.0,4.663439094112067,32.82545257824981,29.95707744425754,2.86837513399227,2.86837513399227,True,2.469520837452074
mc,500,2.5,108.0,4.68213122712422,29.909528166039074,31.450770949243108,-1.5412427832040336,1.5412427832040336,True,1.9078300900567153
mc,500,2.5,110.0,4.700480365792417,32.1981053763038,32.96717216442432,-0.7690667881205187,0.7690667881205187,True,2.169044404220524
mc,500,2.5,112.0,4.718498871295094,34.533287127018774,34.505264211304784,0.02802291571398996,0.02802291571398996,True,2.2709919584290614
mc,500,2.5,114.0,4.736198448394496,39.0826375546591,36.06406792361087,3.01856963104823,3.01856963104823,True,2.3935337555888205
mc,500,2.5,116.0,4.7535901911063645,36.581871969370994,37.642641766006946,-1.0607697966359524,1.0607697966359524,True,2.316872487467381
mc,500,2.5,118.0,4.770684624465665,39.586789897973006,39.24008152491139,0.3467083730616167,0.3467083730616167,True,2.3447902239064655
mc,500,2.5,120.0,4.787491742782046,38.39704823840675,40.85551980971237,-2.4584715713056227,2.4584715713056227,True,2.4598989446794075
mc,500,2.5,122.0,4.804021044733257,41.38043148165608,42.48812539807446,-1.107693916418377,1.107693916418377,True,2.5048936143386302
mc,500,2.5,124.0,4.820281565605037,41.11076738941264,44.137102454830774,-3.026335065418131,3.026335065418131,True,2.591146308779217
mc,500,2.5,126.0,4.836281906951478,47.16951716557896,45.80168965017807,1.36782751540089,1.36782751540089,True,2.759525823707147
mc,500,2.5,128.0,4.852030263919617,56.15228556626837,47.48115919948872,8.671126366779646,8.671126366779646,True,3.0431619465103417
mc,500,2.5,130.0,4.867534450455582,44.315967577256295,49.17481584401827,-4.858848266761974,4.858848266761974,True,2.6126116994008832
mc,500,2.5,132.0,4.882801922586371,52.236434750348884,50.88199578907845,1.3544389612704322,1.3544389612704322,True,2.984951080801677
mc,500,2.5,134.0,4.897839799950911,52.39730929668323,52.602065613847564,-0.20475631716433185,0.20475631716433185,True,2.8334264254668526
mc,500,2.5,136.0,4.912654885736052,52.184735091915954,54.334421164866335,-2.149686072950381,2.149686072950381,True,3.014478460895805
mc,500,2.5,138.0,4.927253685157205,59.27088371636014,56.078486443400614,3.192397272959525,3.192397272959525,True,3.1208765651417454
mc,500,2.5,140.0,4.941642422609304,57.57083781838411,57.833712495212616,-0.26287467682850263,0.26287467682850263,True,2.9497199204777167
mc,500,2.5,142.0,4.955827057601261,56.89707178902817,59.599576309847656,-2.702504520819488,2.702504520819488,True,2.9815324905660927
mc,500,2.5,144.0,4.969813299576001,64.94033578083331,61.37557973529078,3.5647560455425307,3.5647560455425307,True,3.1221048313184707
mc,500,2.5,146.0,4.983606621708336,65.76748408302886,63.16124841276679,2.6062356702620733,2.6062356702620733,True,3.4753595371970274
mc,500,2.5,148.0,4.997212273764115,61.755202777858365,64.9561307355086,-3.2009279576502294,3.2009279576502294,True,3.2751325599126666
mc,500,2.5,150.0,5.0106352940962555,60.97790113100216,66.75979683451304,-5.781895703510877,5.781895703510877,True,2.8149642918833298
mc,500,2.5,152.0,5.0238805208462765,69.47886984326439,68.57183759360191,0.9070322496624783,0.9070322496624783,True,3.645466860860593
mc,500,2.5,154.0,5.0369526024136295,71.90178862793738,70.3918636955101,1.5099249324272819,1.5099249324272819,True,3.687923910173013
mc,500,2.5,156.0,5.049856007249537,70.74760950931882,72.21950470021258,-1.4718951908937612,1.4718951908937612,True,3.3797878595354676
mc,500,2.5,158.0,5.062595033026967,71.71656105737964,74.0544081562712,-2.337847098891558,2.337847098891558,True,3.375925635548066
mc,500,2.5,160.0,5.075173815233827,71.4186791125631,75.89623874561542,-4.477559633052323,4.477559633052323,True,3.53165601169923
mc,500,2.5,162.0,5.087596335232384,76.91906464820147,77.7446774618696,-0.8256128136681298,0.8256128136681298,True,3.8641714304837906
mc,500,2.5,164.0,5.099866427824199,75.20733784197591,79.59942082208154,-4.392082980105627,4.392082980105627,True,3.846198120863474
mc,500,2.5,166.0,5.111987788356544,80.92402979026653,81.46018011149853,-0.5361503212320002,0.5361503212320002,True,3.8141055719262402
mc,500,2.5,168.0,5.123963979403259,83.78684481185564,83.32668066086794,0.46016415098770835,0.46016415098770835,True,4.113054302728729
mc,500,2.5,170.0,5.135798437050262,89.21292536451138,85.198661155598,4.014264208913374,4.014264208913374,True,3.702727719779097
mc,500,2.5,172.0,5.147494476813453,83.18827166345847,87.07587297600479,-3.887601312546323,3.887601312546323,True,3.81961883327408
mc,500,2.5,174.0,5.159055299214529,92.66619144715068,88.95807956779203,3.708111879358654,3.708111879358654,True,4.665895937909431
mc,500,2.5,176.0,5.170483995038151,88.4443429452765,90.84505584183553,-2.4007128965590283,2.4007128965590283,True,4.162626774641322
mc,500,2.5,178.0,5.181783550292085,87.70429529198739,92.73658760230983,-5.032292310322433,5.032292310322433,True,4.003973304762953
mc,500,2.5,180.0,5.19295685089021,99.97627744618224,94.63247100215085,5.343806444031387,5.343806444031387,True,4.450271163056229
mc,500,2.5,182.0,5.204006687076795,100.16926768311998,96.53251202484005,3.636755658279938,3.636755658279938,True,4.388595783875263
mc,500,2.5,184.0,5.214935757608986,99.85697488616171,98.4365259914801,1.4204488946816127,1.4204488946816127,True,4.178413116858114
mc,500,2.5,186.0,5.225746673713202,101.23943651633348,100.34433709213475,0.8950994241987331,0.8950994241987331,True,4.142581506463185
mc,500,2.5,188.0,5.236441962829949,99.88084181613816,102.2557779404162,-2.3749361242780367,2.3749361242780367,True,4.441434836440813
mc,500,2.5,190.0,5.247024072160486,99.74417711817328,104.17068915031268,-4.426512032139399,4.426512032139399,True,4.2111977417497375
mc,500,2.5,192.0,5.2574953720277815,109.83001800529962,106.08891893426971,3.7410990710299075,3.7410990710299075,True,4.444405644667046
mc,500,2.5,194.0,5.267858159063328,104.7915580728701,108.01032272156247,-3.218764648692371,3.218764648692371,True,4.635011922467953
mc,500,2.5,196.0,5.278114659230517,111.97949375911284,109.93476279601867,2.0447309630941675,2.0447309630941675,True,4.558895130722685
mc,500,2.5,198.0,5.288267030694535,118.44132378363618,111.86210795218413,6.579215831452046,6.579215831452046,True,4.510505768147059
mc,500,2.5,200.0,5.298317366548036,110.47393067874351,113.79223316904567,-3.318302490302159,3.318302490302159,True,4.632852924497429
mc,500,3.0,50.0,3.912023005428146,2.510466648199133,3.0306107744769046,-0.5201441262777715,0.5201441262777715,False,0.5522896969926772
mc,500,3.0,52.0,3.9512437185814275,3.9343993298205753,3.5418263537940256,0.3925729760265497,0.3925729760265497,False,0.6410461883737715
mc,500,3.0,54.0,3.9889840465642745,4.5676546269784195,4.100288683275232,0.4673659437031876,0.4673659437031876,False,0.8233482071463754
mc,500,3.0,56.0,4.02535169073515,4.505430251045194,4.706105426843794,-0.20067517579860006,0.20067517579860006,False,0.6994584549021824
mc,500,3.0,58.0,4.060443010546419,3.936906867081002,5.359148147931933,-1.4222412808509306,1.4222412808509306,False,0.6872430581042238
mc,500,3.0,60.0,4.0943445622221,6.107343074477676,6.059079201638003,0.04826387283967293,0.04826387283967293,False,0.9122262616706978
mc,500,3.0,62.0,4.127134385045092,6.197239973832695,6.805377955869626,-0.608137982036931,0.608137982036931,False,0.872508274260955
mc,500,3.0,64.0,4.1588830833596715,7.744271000639484,7.597365852464791,0.14690514817469325,0.14690514817469325,False,0.939873446527832
mc,500,3.0,66.0,4.189654742026425,7.284433699013831,8.434229973422456,-1.149796274408625,1.149796274408625,False,0.9298295192337312
mc,500,3.0,68.0,4.219507705176107,10.194748070140976,9.315044901477567,0.8797031686634096,0.8797031686634096,False,1.2889235731759292
mc,500,3.0,70.0,4.248495242049359,7.839070093431078,10.238792761959017,-2.3997226685279385,2.3997226685279385,False,0.844382931461485
mc,500,3.0,72.0,4.276666119016055,11.002740017318022,11.204381407993734,-0.20164139067571263,0.20164139067571263,False,1.2220637647192534
mc,500,3.0,74.0,4.30406509320417,15.48250510732509,12.210660767366491,3.2718443399585997,3.2718443399585997,False,1.5444660037466953
mc,500,3.0,76.0,4.330733340286331,12.647930220741307,13.256437410114058,-0.6085071893727516,0.6085071893727516,False,1.4005614853431902
mc,500,3.0,78.0,4.356708826689592,14.239501314596893,14.340487424234643,-0.10098610963775023,0.10098610963775023,False,1.426690323834282
mc,500,3.0,80.0,4.382026634673881,16.736263700388527,15.461567705327385,1.2746959950611423,1.2746959950611423,False,1.607716440195805
mc,500,3.0,82.0,4.406719247264253,15.193099458843712,16.618425776739436,-1.425326317895724,1.425326317895724,False,1.647887486625365
mc,500,3.0,84.0,4.430816798843313,15.623467739532217,17.80980826170408,-2.1863405221718644,2.1863405221718644,False,1.5495882932771567
mc,500,3.0,86.0,4.454347296253507,17.689383086582257,19.034468129494094,-1.3450850429118368,1.3450850429118368,False,1.6666423361277138
mc,500,3.0,88.0,4.477336814478207,19.03462303409391,20.29117083497985,-1.25654780088594,1.25654780088594,False,1.7476053169591677
mc,500,3.0,90.0,4.499809670330265,20.648701250264182,21.578699466127226,-0.9299982158630442,0.9299982158630442,False,1.7755376291249705
mc,500,3.0,92.0,4.5217885770490405,26.01335488443449,22.89585900763492,3.1174958767995697,3.1174958767995697,False,2.1012503300671184
mc,500,3.0,94.0,4.543294782270004,23.180160114109093,24.24147982166782,-1.0613197075587273,1.0613197075587273,False,2.1193899882108704
mc,500,3.0,96.0,4.564348191467836,28.409926204829386,25.614420438934143,2.7955057658952427,2.7955057658952427,False,2.2116920137080234
mc,500,3.0,98.0,4.584967478670572,25.546883895954,27.013569745493864,-1.4666858495398643,1.4666858495398643,False,1.8801291511180425
mc,500,3.0,100.0,4.605170185988092,33.27515456409482,28.437848642920066,4.837305921174753,4.837305921174753,False,2.4611010010484544
mc,500,3.0,102.0,4.624972813284271,28.32708815198912,29.886211251924067,-1.559123099934947,1.559123099934947,True,2.361518976970459
mc,500,3.0,104.0,4.6443908991413725,31.8387593259177,31.357645722413043,0.4811136035046566,0.4811136035046566,True,2.27591222254188
mc,500,3.0,106.0,4.663439094112067,32.717434002549105,32.85117470624857,-0.13374070369946622,0.13374070369946622,True,2.4771737798707907
mc,500,3.0,108.0,4.68213122712422,36.89927098457844,34.36585554275537,2.533415441823074,2.533415441823074,True,2.6179036058989733
mc,500,3.0,110.0,4.700480365792417,38.283988111364145,35.90078020130359,2.3832079100605554,2.3832079100605554,True,2.426798010535136
mc,500,3.0,112.0,4.718498871295094,32.32360898502214,37.4550750200628,-5.13146603504066,5.13146603504066,True,2.2198450025978564
mc,500,3.0,114.0,4.736198448394496,38.49503694116116,39.02790027528016,-0.5328633341189999,0.5328633341189999,True,2.372114630188484
mc,500,3.0,116.0,4.7535901911063645,44.221056378831406,40.618449611152684,3.602606767678722,3.602606767678722,True,2.718559664126465
mc,500,3.0,118.0,4.770684624465665,45.51801917727888,42.225949356520545,3.2920698207583357,3.2920698207583357,True,2.7822414199184187
mc,500,3.0,120.0,4.787491742782046,37.39557244408094,43.849657751163534,-6.454085307082593,6.454085307082593,True,2.4680224506528257
mc,500,3.0,122.0,4.804021044733257,50.388081946956724,45.48886410142371,4.899217845533016,4.899217845533016,True,3.7958981838491197
mc,500,3.0,124.0,4.820281565605037,43.57123589093123,47.142887882151065,-3.571651991219838,3.571651991219838,True,2.8113496569328436
mc,500,3.0,126.0,4.836281906951478,47.003704127273885,48.81107779956747,-1.8073736722935863,1.8073736722935863,True,2.8673343903727315
mc,500,3.0,128.0,4.852030263919617,50.87105722707433,50.49281082751558,0.37824639955875483,0.37824639955875483,True,3.125046622106205
mc,500,3.0,130.0,4.867534450455582,49.20080630590624,52.18749122769405,-2.9866849217878126,2.9866849217878126,True,3.1269697210419354
mc,500,3.0,132.0,4.882801922586371,49.667100029531824,53.89454956284179,-4.227449533309965,4.227449533309965,True,3.157706914704056
mc,500,3.0,134.0,4.897839799950911,52.36433002243379,55.61344171039985,-3.2491116879660566,3.2491116879660566,True,3.1929219057098366
mc,500,3.0,136.0,4.912654885736052,52.29563576669827,57.343647882929595,-5.048012116231327,5.048012116231327,True,3.1757483618724045
mc,500,3.0,138.0,4.927253685157205,61.02734726361383,59.084671660478016,1.942675603135811,1.942675603135811,True,3.539041884065168
mc,500,3.0,140.0,4.941642422609304,61.64605448895984,60.83603903913771,0.8100154498221315,0.8100154498221315,True,3.3905429280284554
mc,500,3.0,142.0,4.955827057601261,60.90428317967795,62.597297499231786,-1.6930143195538392,1.6930143195538392,True,3.2256179080820906
mc,500,3.0,144.0,4.969813299576001,65.5365502383557,64.36801509584836,1.1685351425073378,1.1685351425073378,True,3.6653842278491138
mc,500,3.0,146.0,4.983606621708336,66.02187049746713,66.14777957384908,-0.12590907638194437,0.12590907638194437,True,3.9674692802360627
mc,500,3.0,148.0,4.997212273764115,72.86141885020851,67.93619750894966,4.9252213412588475,4.9252213412588475,True,3.864405709318879
mc,500,3.0,150.0,5.0106352940962555,78.82908277878629,69.73289347603472,9.096189302751569,9.096189302751569,True,4.0990383979127305
mc,500,3.0,152.0,5.0238805208462765,64.09468133033089,71.53750924548764,-7.442827915156755,7.442827915156755,True,3.456356128568209
mc,500,3.0,154.0,5.0369526024136295,82.18391389895918,73.34970300800201,8.834210890957166,8.834210890957166,True,4.306031190107672
mc,500,3.0,156.0,5.049856007249537,79.29338399992118,75.16914862806966,4.124235371851512,4.124235371851512,True,3.9807758886117344
mc,500,3.0,158.0,5.062595033026967,69.44526561364066,76.99553492611966,-7.550269312479003,7.550269312479003,True,3.6201501508478753
mc,500,3.0,160.0,5.075173815233827,74.37322040864012,78.82856498909341,-4.455344580453286,4.455344580453286,True,3.7404178979026943
mc,500,3.0,162.0,5.087596335232384,91.06636478251059,80.66795550909144,10.398409273419148,10.398409273419148,True,4.498979655018227
mc,500,3.0,164.0,5.099866427824199,80.78578312718838,82.51343614960031,-1.7276530224119284,1.7276530224119284,True,4.774588311194912
mc,500,3.0,166.0,5.111987788356544,82.36580203484023,84.36474893870871,-1.998946903868486,1.998946903868486,True,4.032047579176861
mc,500,3.0,168.0,5.123963979403259,90.43963666171143,86.22164768864444,4.217988973066994,4.217988973066994,True,4.363045483936391
mc,500,3.0,170.0,5.135798437050262,81.70251264301609,88.08389744090059,-6.381384797884493,6.381384797884493,True,3.953212043431755
mc,500,3.0,172.0,5.147494476813453,84.97699762435549,89.95127393617294,-4.974276311817448,4.974276311817448,True,4.211734882019096
mc,500,3.0,174.0,5.159055299214529,97.94522420546504,91.82356310830413,6.12166109716091,6.12166109716091,True,4.745287523120026
mc,500,3.0,176.0,5.170483995038151,95.1161566946354,93.70056060139872,1.4155960932366725,1.4155960932366725,True,4.491276590682158
mc,500,3.0,178.0,5.181783550292085,95.66799234251023,95.582071309271,0.08592103323923084,0.08592103323923084,True,4.247117025010931
mc,500,3.0,180.0,5.19295685089021,93.85458719558386,97.46790893637487,-3.613321740791008,3.613321740791008,True,4.334980020707853
mc,500,3.0,182.0,5.204006687076795,105.28183980397112,99.35789557937396,5.9239442245971645,5.9239442245971645,True,5.6098316595427224
mc,500,3.0,184.0,5.214935757608986,95.07259674654703,101.25186132851248,-6.179264581965441,6.179264581965441,True,4.718434150351274
mc,500,3.0,186.0,5.225746673713202,104.83054005050688,103.14964388796139,1.6808961625454941,1.6808961625454941,True,5.021370102807031
mc,500,3.0,188.0,5.236441962829949,100.5798830642915,105.0510882143314,-4.471205150039907,4.471205150039907,True,4.682698895124811
mc,500,3.0,190.0,5.247024072160486,110.71365792769552,106.95604617255955,3.7576117551359687,3.7576117551359687,True,5.1372717180998615
mc,500,3.0,192.0,5.2574953720277815,113.88595252679735,108.8643762083985,5.021576318398857,5.021576318398857,True,5.02897982731309
mc,500,3.0,194.0,5.267858159063328,124.6830446400482,110.77594303676027,13.907101603287927,13.907101603287927,True,4.910885464460471
mc,500,3.0,196.0,5.278114659230517,105.8191803958205,112.69061734518853,-6.871436949368032,6.871436949368032,True,4.697889086292261
mc,500,3.0,198.0,5.288267030694535,116.88503657028927,114.60827551175939,2.2767610585298854,2.2767610585298854,True,6.4166274200201805
mc,500,3.0,200.0,5.298317366548036,123.30494645051836,116.52879933673239,6.776147113785967,6.776147113785967,True,5.349515131387317
